{ "its": [ { "gen": [ "x,y,z","-x,-y,z","-x,y,-z","z,x,y","y,x,z","x+1/2,y+1/2,z+1/2" ],"gp": [ "x,y,z","-x,-y,z","-x,y,-z","x,-y,-z","z,x,y","z,-x,-y","-z,-x,y","-z,x,-y","y,z,x","-y,z,-x","y,-z,-x","-y,-z,x","y,x,z","-y,-x,z","y,-x,-z","-y,x,-z","x,z,y","-x,z,-y","-x,-z,y","x,-z,-y","z,y,x","z,-y,-x","-z,y,-x","-z,-y,x","x+1/2,y+1/2,z+1/2","-x+1/2,-y+1/2,z+1/2","-x+1/2,y+1/2,-z+1/2","x+1/2,-y+1/2,-z+1/2","z+1/2,x+1/2,y+1/2","z+1/2,-x+1/2,-y+1/2","-z+1/2,-x+1/2,y+1/2","-z+1/2,x+1/2,-y+1/2","y+1/2,z+1/2,x+1/2","-y+1/2,z+1/2,-x+1/2","y+1/2,-z+1/2,-x+1/2","-y+1/2,-z+1/2,x+1/2","y+1/2,x+1/2,z+1/2","-y+1/2,-x+1/2,z+1/2","y+1/2,-x+1/2,-z+1/2","-y+1/2,x+1/2,-z+1/2","x+1/2,z+1/2,y+1/2","-x+1/2,z+1/2,-y+1/2","-x+1/2,-z+1/2,y+1/2","x+1/2,-z+1/2,-y+1/2","z+1/2,y+1/2,x+1/2","z+1/2,-y+1/2,-x+1/2","-z+1/2,y+1/2,-x+1/2","-z+1/2,-y+1/2,x+1/2" ],"id": "I-43m","itaFull": "217","set": 1,"sg": 217,"tm": "a,b,c","u": "I -4 3 m","wpos": { "cent": [ "1/2,1/2,1/2" ],"pos": [ { "desc": "1","geom": "general","label": "h","mult": 48 },{ "coord": [ "x,x,z","-x,-x,z","-x,x,-z","x,-x,-z","z,x,x","z,-x,-x","-z,-x,x","-z,x,-x","x,z,x","-x,z,-x","x,-z,-x","-x,-z,x" ],"desc": "..m","geom": "plane","label": "g","mult": 24 },{ "coord": [ "x,1/2,0","-x,1/2,0","0,x,1/2","0,-x,1/2","1/2,0,x","1/2,0,-x","1/2,x,0","1/2,-x,0","x,0,1/2","-x,0,1/2","0,1/2,x","0,1/2,-x" ],"desc": "2..","geom": "line","label": "f","mult": 24 },{ "coord": [ "x,0,0","-x,0,0","0,x,0","0,-x,0","0,0,x","0,0,-x" ],"desc": "2.m m","geom": "line","label": "e","mult": 12 },{ "coord": [ "1/4,1/2,0","3/4,1/2,0","0,1/4,1/2","0,3/4,1/2","1/2,0,1/4","1/2,0,3/4" ],"desc": "-4..","geom": "point","label": "d","mult": 12 },{ "coord": [ "x,x,x","-x,-x,x","-x,x,-x","x,-x,-x" ],"desc": ".3m","geom": "line","label": "c","mult": 8 },{ "coord": [ "0,1/2,1/2","1/2,0,1/2","1/2,1/2,0" ],"desc": "-42. m","geom": "point","label": "b","mult": 6 },{ "coord": [ "0,0,0" ],"desc": "-43m","geom": "point","label": "a","mult": 2 } ] } } ],"n": 1,"sg": 217 }