{ "its": [ { "gen": [ "x,y,z","-x,-y,z","-y,x,z","-x,y,-z","-x,-y,-z","x+1/2,y+1/2,z+1/2" ],"gp": [ "x,y,z","-x,-y,z","-y,x,z","y,-x,z","-x,y,-z","x,-y,-z","y,x,-z","-y,-x,-z","-x,-y,-z","x,y,-z","y,-x,-z","-y,x,-z","x,-y,z","-x,y,z","-y,-x,z","y,x,z","x+1/2,y+1/2,z+1/2","-x+1/2,-y+1/2,z+1/2","-y+1/2,x+1/2,z+1/2","y+1/2,-x+1/2,z+1/2","-x+1/2,y+1/2,-z+1/2","x+1/2,-y+1/2,-z+1/2","y+1/2,x+1/2,-z+1/2","-y+1/2,-x+1/2,-z+1/2","-x+1/2,-y+1/2,-z+1/2","x+1/2,y+1/2,-z+1/2","y+1/2,-x+1/2,-z+1/2","-y+1/2,x+1/2,-z+1/2","x+1/2,-y+1/2,z+1/2","-x+1/2,y+1/2,z+1/2","-y+1/2,-x+1/2,z+1/2","y+1/2,x+1/2,z+1/2" ],"id": "I4/mmm","itaFull": "139","set": 1,"sg": 139,"tm": "a,b,c","u": "I 4/m m m","wpos": { "cent": [ "1/2,1/2,1/2" ],"pos": [ { "desc": "1","geom": "general","label": "o","mult": 32 },{ "coord": [ "0,y,z","0,-y,z","-y,0,z","y,0,z","0,y,-z","0,-y,-z","y,0,-z","-y,0,-z" ],"desc": ".m.","geom": "plane","label": "n","mult": 16 },{ "coord": [ "x,x,z","-x,-x,z","-x,x,z","x,-x,z","-x,x,-z","x,-x,-z","x,x,-z","-x,-x,-z" ],"desc": "..m","geom": "plane","label": "m","mult": 16 },{ "coord": [ "x,y,0","-x,-y,0","-y,x,0","y,-x,0","-x,y,0","x,-y,0","y,x,0","-y,-x,0" ],"desc": "m..","geom": "plane","label": "l","mult": 16 },{ "coord": [ "x,x+1/2,1/4","-x,-x+1/2,1/4","-x+1/2,x,1/4","x+1/2,-x,1/4","-x,-x+1/2,3/4","x,x+1/2,3/4","x+1/2,-x,3/4","-x+1/2,x,3/4" ],"desc": "..2","geom": "line","label": "k","mult": 16 },{ "coord": [ "x,1/2,0","-x,1/2,0","1/2,x,0","1/2,-x,0" ],"desc": "m2m .","geom": "line","label": "j","mult": 8 },{ "coord": [ "x,0,0","-x,0,0","0,x,0","0,-x,0" ],"desc": "m2m .","geom": "line","label": "i","mult": 8 },{ "coord": [ "x,x,0","-x,-x,0","-x,x,0","x,-x,0" ],"desc": "m.2 m","geom": "line","label": "h","mult": 8 },{ "coord": [ "0,1/2,z","1/2,0,z","0,1/2,-z","1/2,0,-z" ],"desc": "2mm .","geom": "line","label": "g","mult": 8 },{ "coord": [ "1/4,1/4,1/4","3/4,3/4,1/4","3/4,1/4,1/4","1/4,3/4,1/4" ],"desc": "..2/m","geom": "point","label": "f","mult": 8 },{ "coord": [ "0,0,z","0,0,-z" ],"desc": "4mm","geom": "line","label": "e","mult": 4 },{ "coord": [ "0,1/2,1/4","1/2,0,1/4" ],"desc": "-4m2","geom": "point","label": "d","mult": 4 },{ "coord": [ "0,1/2,0","1/2,0,0" ],"desc": "mmm .","geom": "point","label": "c","mult": 4 },{ "coord": [ "0,0,1/2" ],"desc": "4/mmm","geom": "point","label": "b","mult": 2 },{ "coord": [ "0,0,0" ],"desc": "4/mmm","geom": "point","label": "a","mult": 2 } ] } },{ "gen": [ "x,y,z","-x,-y,z","-y,x,z","-y,-x,-z","-x,-y,-z","x,y+1/2,z+1/2","x+1/2,y+1/2,z","-x+1/2,-y+1/2,z","-y+1/2,x+1/2,z","-y+1/2,-x+1/2,-z","-x+1/2,-y+1/2,-z","x+1/2,y+1,z+1/2" ],"gp": [ "x,y,z","-x,-y,z","-y,x,z","y,-x,z","-y,-x,-z","y,x,-z","-x,y,-z","x,-y,-z","-x,-y,-z","x,y,-z","y,-x,-z","-y,x,-z","y,x,z","-y,-x,z","x,-y,z","-x,y,z","x,y+1/2,z+1/2","-x,-y+1/2,z+1/2","-y,x+1/2,z+1/2","y,-x+1/2,z+1/2","-y,-x+1/2,-z+1/2","y,x+1/2,-z+1/2","-x,y+1/2,-z+1/2","x,-y+1/2,-z+1/2","-x,-y+1/2,-z+1/2","x,y+1/2,-z+1/2","y,-x+1/2,-z+1/2","-y,x+1/2,-z+1/2","y,x+1/2,z+1/2","-y,-x+1/2,z+1/2","x,-y+1/2,z+1/2","-x,y+1/2,z+1/2","x+1/2,y+1/2,z","-x+1/2,-y+1/2,z","-y+1/2,x+1/2,z","y+1/2,-x+1/2,z","-y+1/2,-x+1/2,-z","y+1/2,x+1/2,-z","-x+1/2,y+1/2,-z","x+1/2,-y+1/2,-z","-x+1/2,-y+1/2,-z","x+1/2,y+1/2,-z","y+1/2,-x+1/2,-z","-y+1/2,x+1/2,-z","y+1/2,x+1/2,z","-y+1/2,-x+1/2,z","x+1/2,-y+1/2,z","-x+1/2,y+1/2,z" ],"id": "F4/mmm","itaFull": "ita?.","set": 2,"sg": 139,"tm": "a-b,a+b,c","u": "F 4/m m m","wpos": { "cent": [ "0,1/2,1/2" ],"pos": [ { "desc": "1","geom": "general","label": "o","mult": 32 },{ "coord": [ "-1/2y,1/2y,z","1/2y,-1/2y,z","-1/2y,-1/2y,z","1/2y,1/2y,z","-1/2y,1/2y,-z","1/2y,-1/2y,-z","1/2y,1/2y,-z","-1/2y,-1/2y,-z" ],"desc": ".m.","geom": "plane","label": "n","mult": 16 },{ "coord": [ "0,x,z","0,-x,z","-x,0,z","x,0,z","-x,0,-z","x,0,-z","0,x,-z","0,-x,-z" ],"desc": "..m","geom": "plane","label": "m","mult": 16 },{ "coord": [ "1/2x-1/2y,1/2x+1/2y,0","-1/2x+1/2y,-1/2x-1/2y,0","-1/2x-1/2y,1/2x-1/2y,0","1/2x+1/2y,-1/2x+1/2y,0","-1/2x-1/2y,-1/2x+1/2y,0","1/2x+1/2y,1/2x-1/2y,0","-1/2x+1/2y,1/2x+1/2y,0","1/2x-1/2y,-1/2x-1/2y,0" ],"desc": "m..","geom": "plane","label": "l","mult": 16 },{ "coord": [ "3/4,x+1/4,1/4","3/4,-x+1/4,1/4","-x+1/4,1/4,1/4","x+1/4,1/4,1/4","3/4,-x+1/4,3/4","3/4,x+1/4,3/4","x+1/4,1/4,3/4","-x+1/4,1/4,3/4" ],"desc": "..2","geom": "line","label": "k","mult": 16 },{ "coord": [ "1/2x+3/4,1/2x+1/4,0","-1/2x+3/4,-1/2x+1/4,0","-1/2x+1/4,1/2x+1/4,0","1/2x+1/4,-1/2x+1/4,0" ],"desc": "m2m .","geom": "line","label": "j","mult": 8 },{ "coord": [ "1/2x,1/2x,0","-1/2x,-1/2x,0","-1/2x,1/2x,0","1/2x,-1/2x,0" ],"desc": "m2m .","geom": "line","label": "i","mult": 8 },{ "coord": [ "0,x,0","0,-x,0","-x,0,0","x,0,0" ],"desc": "m.2 m","geom": "line","label": "h","mult": 8 },{ "coord": [ "3/4,1/4,z","1/4,1/4,z","3/4,1/4,-z","1/4,1/4,-z" ],"desc": "2mm .","geom": "line","label": "g","mult": 8 },{ "coord": [ "0,1/4,1/4","0,3/4,1/4","1/4,1/2,1/4","3/4,1/2,1/4" ],"desc": "..2/m","geom": "point","label": "f","mult": 8 },{ "coord": [ "0,0,z","0,0,-z" ],"desc": "4mm","geom": "line","label": "e","mult": 4 },{ "coord": [ "3/4,1/4,1/4","1/4,1/4,1/4" ],"desc": "-4m2","geom": "point","label": "d","mult": 4 },{ "coord": [ "3/4,1/4,0","1/4,1/4,0" ],"desc": "mmm .","geom": "point","label": "c","mult": 4 },{ "coord": [ "0,0,1/2" ],"desc": "4/mmm","geom": "point","label": "b","mult": 2 },{ "coord": [ "0,0,0" ],"desc": "4/mmm","geom": "point","label": "a","mult": 2 } ] } } ],"n": 2,"sg": 139 }