{ "its": [ { "gen": [ "x,y,z","-y,x-y,z","-x,-y,z+1/2","y,x,-z+1/2","-x,-y,-z" ],"gp": [ "x,y,z","-y,x-y,z","-x+y,-x,z","-x,-y,z+1/2","y,-x+y,z+1/2","x-y,x,z+1/2","y,x,-z+1/2","x-y,-y,-z+1/2","-x,-x+y,-z+1/2","-y,-x,-z","-x+y,y,-z","x,x-y,-z","-x,-y,-z","y,-x+y,-z","x-y,x,-z","x,y,-z+1/2","-y,x-y,-z+1/2","-x+y,-x,-z+1/2","-y,-x,z+1/2","-x+y,y,z+1/2","x,x-y,z+1/2","y,x,z","x-y,-y,z","-x,-x+y,z" ],"id": "P63/mcm","itaFull": "193","set": 1,"sg": 193,"tm": "a,b,c","u": "P 63/m c m","wpos": { "pos": [ { "desc": "1","geom": "general","label": "l","mult": 24 },{ "coord": [ "x,0,z","0,x,z","-x,-x,z","-x,0,z+1/2","0,-x,z+1/2","x,x,z+1/2","0,x,-z+1/2","x,0,-z+1/2","-x,-x,-z+1/2","0,-x,-z","-x,0,-z","x,x,-z" ],"desc": "..m","geom": "plane","label": "k","mult": 12 },{ "coord": [ "x,y,1/4","-y,x-y,1/4","-x+y,-x,1/4","-x,-y,3/4","y,-x+y,3/4","x-y,x,3/4","y,x,1/4","x-y,-y,1/4","-x,-x+y,1/4","-y,-x,3/4","-x+y,y,3/4","x,x-y,3/4" ],"desc": "m..","geom": "plane","label": "j","mult": 12 },{ "coord": [ "x,2x,0","-2x,-x,0","x,-x,0","-x,-2x,1/2","2x,x,1/2","-x,x,1/2","-x,-2x,0","2x,x,0","-x,x,0","x,2x,1/2","-2x,-x,1/2","x,-x,1/2" ],"desc": "..2","geom": "line","label": "i","mult": 12 },{ "coord": [ "1/3,2/3,z","2/3,1/3,z+1/2","2/3,1/3,-z+1/2","1/3,2/3,-z","2/3,1/3,-z","1/3,2/3,-z+1/2","1/3,2/3,z+1/2","2/3,1/3,z" ],"desc": "3..","geom": "line","label": "h","mult": 8 },{ "coord": [ "x,0,1/4","0,x,1/4","-x,-x,1/4","-x,0,3/4","0,-x,3/4","x,x,3/4" ],"desc": "m2m","geom": "line","label": "g","mult": 6 },{ "coord": [ "1/2,0,0","0,1/2,0","1/2,1/2,0","1/2,0,1/2","0,1/2,1/2","1/2,1/2,1/2" ],"desc": "..2/m","geom": "point","label": "f","mult": 6 },{ "coord": [ "0,0,z","0,0,z+1/2","0,0,-z+1/2","0,0,-z" ],"desc": "3.m","geom": "line","label": "e","mult": 4 },{ "coord": [ "1/3,2/3,0","2/3,1/3,1/2","2/3,1/3,0","1/3,2/3,1/2" ],"desc": "3.2","geom": "point","label": "d","mult": 4 },{ "coord": [ "1/3,2/3,1/4","2/3,1/3,3/4","2/3,1/3,1/4","1/3,2/3,3/4" ],"desc": "-6..","geom": "point","label": "c","mult": 4 },{ "coord": [ "0,0,0","0,0,1/2" ],"desc": "-3.m","geom": "point","label": "b","mult": 2 },{ "coord": [ "0,0,1/4","0,0,3/4" ],"desc": "-62m","geom": "point","label": "a","mult": 2 } ] } } ],"n": 1,"sg": 193 }