{ "its": [ { "gen": [ "x,y,z","-x+1/4,-y+3/4,z+1/2","-x+3/4,y+1/2,-z+1/4","z,x,y","y+3/4,x+1/4,-z","-x,-y,-z","x,y+1/2,z+1/2","x+1/2,y,z+1/2" ],"gp": [ "x,y,z","-x+1/4,-y+3/4,z+1/2","-x+3/4,y+1/2,-z+1/4","x+1/2,-y+1/4,-z+3/4","z,x,y","z+1/2,-x+1/4,-y+3/4","-z+1/4,-x+3/4,y+1/2","-z+3/4,x+1/2,-y+1/4","y,z,x","-y+3/4,z+1/2,-x+1/4","y+1/2,-z+1/4,-x+3/4","-y+1/4,-z+3/4,x+1/2","y+3/4,x+1/4,-z","-y+1/2,-x+1/2,-z+1/2","y+1/4,-x,z+3/4","-y,x+3/4,z+1/4","x+3/4,z+1/4,-y","-x,z+3/4,y+1/4","-x+1/2,-z+1/2,-y+1/2","x+1/4,-z,y+3/4","z+3/4,y+1/4,-x","z+1/4,-y,x+3/4","-z,y+3/4,x+1/4","-z+1/2,-y+1/2,-x+1/2","-x,-y,-z","x+3/4,y+1/4,-z+1/2","x+1/4,-y+1/2,z+3/4","-x+1/2,y+3/4,z+1/4","-z,-x,-y","-z+1/2,x+3/4,y+1/4","z+3/4,x+1/4,-y+1/2","z+1/4,-x+1/2,y+3/4","-y,-z,-x","y+1/4,-z+1/2,x+3/4","-y+1/2,z+3/4,x+1/4","y+3/4,z+1/4,-x+1/2","-y+1/4,-x+3/4,z","y+1/2,x+1/2,z+1/2","-y+3/4,x,-z+1/4","y,-x+1/4,-z+3/4","-x+1/4,-z+3/4,y","x,-z+1/4,-y+3/4","x+1/2,z+1/2,y+1/2","-x+3/4,z,-y+1/4","-z+1/4,-y+3/4,x","-z+3/4,y,-x+1/4","z,-y+1/4,-x+3/4","z+1/2,y+1/2,x+1/2","x,y+1/2,z+1/2","-x+1/4,-y+1/4,z","-x+3/4,y,-z+3/4","x+1/2,-y+3/4,-z+1/4","z,x+1/2,y+1/2","z+1/2,-x+3/4,-y+1/4","-z+1/4,-x+1/4,y","-z+3/4,x,-y+3/4","y,z+1/2,x+1/2","-y+3/4,z,-x+3/4","y+1/2,-z+3/4,-x+1/4","-y+1/4,-z+1/4,x","y+3/4,x+3/4,-z+1/2","-y+1/2,-x,-z","y+1/4,-x+1/2,z+1/4","-y,x+1/4,z+3/4","x+3/4,z+3/4,-y+1/2","-x,z+1/4,y+3/4","-x+1/2,-z,-y","x+1/4,-z+1/2,y+1/4","z+3/4,y+3/4,-x+1/2","z+1/4,-y+1/2,x+1/4","-z,y+1/4,x+3/4","-z+1/2,-y,-x","-x,-y+1/2,-z+1/2","x+3/4,y+3/4,-z","x+1/4,-y,z+1/4","-x+1/2,y+1/4,z+3/4","-z,-x+1/2,-y+1/2","-z+1/2,x+1/4,y+3/4","z+3/4,x+3/4,-y","z+1/4,-x,y+1/4","-y,-z+1/2,-x+1/2","y+1/4,-z,x+1/4","-y+1/2,z+1/4,x+3/4","y+3/4,z+3/4,-x","-y+1/4,-x+1/4,z+1/2","y+1/2,x,z","-y+3/4,x+1/2,-z+3/4","y,-x+3/4,-z+1/4","-x+1/4,-z+1/4,y+1/2","x,-z+3/4,-y+1/4","x+1/2,z,y","-x+3/4,z+1/2,-y+3/4","-z+1/4,-y+1/4,x+1/2","-z+3/4,y+1/2,-x+3/4","z,-y+3/4,-x+1/4","z+1/2,y,x","x+1/2,y,z+1/2","-x+3/4,-y+3/4,z","-x+1/4,y+1/2,-z+3/4","x,-y+1/4,-z+1/4","z+1/2,x,y+1/2","z,-x+1/4,-y+1/4","-z+3/4,-x+3/4,y","-z+1/4,x+1/2,-y+3/4","y+1/2,z,x+1/2","-y+1/4,z+1/2,-x+3/4","y,-z+1/4,-x+1/4","-y+3/4,-z+3/4,x","y+1/4,x+1/4,-z+1/2","-y,-x+1/2,-z","y+3/4,-x,z+1/4","-y+1/2,x+3/4,z+3/4","x+1/4,z+1/4,-y+1/2","-x+1/2,z+3/4,y+3/4","-x,-z+1/2,-y","x+3/4,-z,y+1/4","z+1/4,y+1/4,-x+1/2","z+3/4,-y,x+1/4","-z+1/2,y+3/4,x+3/4","-z,-y+1/2,-x","-x+1/2,-y,-z+1/2","x+1/4,y+1/4,-z","x+3/4,-y+1/2,z+1/4","-x,y+3/4,z+3/4","-z+1/2,-x,-y+1/2","-z,x+3/4,y+3/4","z+1/4,x+1/4,-y","z+3/4,-x+1/2,y+1/4","-y+1/2,-z,-x+1/2","y+3/4,-z+1/2,x+1/4","-y,z+3/4,x+3/4","y+1/4,z+1/4,-x","-y+3/4,-x+3/4,z+1/2","y,x+1/2,z","-y+1/4,x,-z+3/4","y+1/2,-x+1/4,-z+1/4","-x+3/4,-z+3/4,y+1/2","x+1/2,-z+1/4,-y+1/4","x,z+1/2,y","-x+1/4,z,-y+3/4","-z+3/4,-y+3/4,x+1/2","-z+1/4,y,-x+3/4","z+1/2,-y+1/4,-x+1/4","z,y+1/2,x","x+1/2,y+1/2,z","-x+3/4,-y+1/4,z+1/2","-x+1/4,y,-z+1/4","x,-y+3/4,-z+3/4","z+1/2,x+1/2,y","z,-x+3/4,-y+3/4","-z+3/4,-x+1/4,y+1/2","-z+1/4,x,-y+1/4","y+1/2,z+1/2,x","-y+1/4,z,-x+1/4","y,-z+3/4,-x+3/4","-y+3/4,-z+1/4,x+1/2","y+1/4,x+3/4,-z","-y,-x,-z+1/2","y+3/4,-x+1/2,z+3/4","-y+1/2,x+1/4,z+1/4","x+1/4,z+3/4,-y","-x+1/2,z+1/4,y+1/4","-x,-z,-y+1/2","x+3/4,-z+1/2,y+3/4","z+1/4,y+3/4,-x","z+3/4,-y+1/2,x+3/4","-z+1/2,y+1/4,x+1/4","-z,-y,-x+1/2","-x+1/2,-y+1/2,-z","x+1/4,y+3/4,-z+1/2","x+3/4,-y,z+3/4","-x,y+1/4,z+1/4","-z+1/2,-x+1/2,-y","-z,x+1/4,y+1/4","z+1/4,x+3/4,-y+1/2","z+3/4,-x,y+3/4","-y+1/2,-z+1/2,-x","y+3/4,-z,x+3/4","-y,z+1/4,x+1/4","y+1/4,z+3/4,-x+1/2","-y+3/4,-x+1/4,z","y,x,z+1/2","-y+1/4,x+1/2,-z+1/4","y+1/2,-x+3/4,-z+3/4","-x+3/4,-z+1/4,y","x+1/2,-z+3/4,-y+3/4","x,z,y+1/2","-x+1/4,z+1/2,-y+1/4","-z+3/4,-y+1/4,x","-z+1/4,y+1/2,-x+1/4","z+1/2,-y+3/4,-x+3/4","z,y,x+1/2" ],"id": "Fd-3c","itaFull": "228:2","set": 1,"sg": 228,"tm": "a,b,c","u": "F d -3 c  [origin 2]","wpos": { "cent": [ "0,1/2,1/2","1/2,0,1/2","1/2,1/2,0" ],"pos": [ { "desc": "1","geom": "general","label": "h","mult": 192 },{ "coord": [ "1/4,y,-y","0,-y+3/4,-y+1/2","1/2,y+1/2,y+1/4","3/4,-y+1/4,y+3/4","-y,1/4,y","-y+1/2,0,-y+3/4","y+1/4,1/2,y+1/2","y+3/4,3/4,-y+1/4","y,-y,1/4","-y+3/4,-y+1/2,0","y+1/2,y+1/4,1/2","-y+1/4,y+3/4,3/4","3/4,-y,y","0,y+1/4,y+1/2","1/2,-y+1/2,-y+3/4","1/4,y+3/4,-y+1/4","y,3/4,-y","y+1/2,0,y+1/4","-y+3/4,1/2,-y+1/2","-y+1/4,1/4,y+3/4","-y,y,3/4","y+1/4,y+1/2,0","-y+1/2,-y+3/4,1/2","y+3/4,-y+1/4,1/4" ],"desc": "..2","geom": "line","label": "g","mult": 96 },{ "coord": [ "x,1/8,1/8","-x+1/4,5/8,5/8","1/8,x,1/8","5/8,-x+1/4,5/8","1/8,1/8,x","5/8,5/8,-x+1/4","7/8,x+1/4,7/8","3/8,-x+1/2,3/8","x+3/4,3/8,7/8","-x,7/8,3/8","7/8,3/8,-x","3/8,7/8,x+3/4","-x,7/8,7/8","x+3/4,3/8,3/8","7/8,-x,7/8","3/8,x+3/4,3/8","7/8,7/8,-x","3/8,3/8,x+3/4","1/8,-x+3/4,1/8","5/8,x+1/2,5/8","-x+1/4,5/8,1/8","x,1/8,5/8","1/8,5/8,x","5/8,1/8,-x+1/4" ],"desc": "2..","geom": "line","label": "f","mult": 96 },{ "coord": [ "x,x,x","-x+1/4,-x+3/4,x+1/2","-x+3/4,x+1/2,-x+1/4","x+1/2,-x+1/4,-x+3/4","x+3/4,x+1/4,-x","-x+1/2,-x+1/2,-x+1/2","x+1/4,-x,x+3/4","-x,x+3/4,x+1/4","-x,-x,-x","x+3/4,x+1/4,-x+1/2","x+1/4,-x+1/2,x+3/4","-x+1/2,x+3/4,x+1/4","-x+1/4,-x+3/4,x","x+1/2,x+1/2,x+1/2","-x+3/4,x,-x+1/4","x,-x+1/4,-x+3/4" ],"desc": ".3.","geom": "line","label": "e","mult": 64 },{ "coord": [ "7/8,1/8,1/8","3/8,5/8,5/8","1/8,7/8,1/8","5/8,3/8,5/8","1/8,1/8,7/8","5/8,5/8,3/8","7/8,1/8,7/8","3/8,5/8,3/8","5/8,3/8,7/8","1/8,7/8,3/8","7/8,3/8,1/8","3/8,7/8,5/8" ],"desc": "-4..","geom": "point","label": "d","mult": 48 },{ "coord": [ "0,0,0","1/4,3/4,1/2","3/4,1/2,1/4","1/2,1/4,3/4","3/4,1/4,0","1/2,1/2,1/2","1/4,0,3/4","0,3/4,1/4" ],"desc": ".-3.","geom": "point","label": "c","mult": 32 },{ "coord": [ "1/4,1/4,1/4","0,1/2,3/4","1/2,3/4,0","3/4,0,1/2","3/4,3/4,3/4","0,1/2,1/4","1/2,1/4,0","1/4,0,1/2" ],"desc": ".32","geom": "point","label": "b","mult": 32 },{ "coord": [ "1/8,1/8,1/8","7/8,3/8,7/8","7/8,7/8,7/8","1/8,5/8,1/8" ],"desc": "23.","geom": "point","label": "a","mult": 16 } ] } },{ "gen": [ "x,y,z","-x+1,-y+3/2,z+1/2","-x+3/2,y+1/2,-z+1","z,x,y","y+3/4,x+1/4,-z+3/4","-x+3/4,-y+3/4,-z+3/4","x,y+1/2,z+1/2","x+1/2,y,z+1/2" ],"gp": [ "x,y,z","-x+126.91667,-y+127.41667,z+1/2","-x+127.41667,y+1/2,-z+126.91667","x+1/2,-y+126.91667,-z+127.41667","z,x,y","z+1/2,-x+126.91667,-y+127.41667","-z+126.91667,-x+127.41667,y+1/2","-z+127.41667,x+1/2,-y+126.91667","y,z,x","-y+127.41667,z+1/2,-x+126.91667","y+1/2,-z+126.91667,-x+127.41667","-y+126.91667,-z+127.41667,x+1/2","y+3/4,x+1/4,-z+380/3","-y+127.16667,-x+127.16667,-z+127.16667","y+1/4,-x+380/3,z+3/4","-y+380/3,x+3/4,z+1/4","x+3/4,z+1/4,-y+380/3","-x+380/3,z+3/4,y+1/4","-x+127.16667,-z+127.16667,-y+127.16667","x+1/4,-z+380/3,y+3/4","z+3/4,y+1/4,-x+380/3","z+1/4,-y+380/3,x+3/4","-z+380/3,y+3/4,x+1/4","-z+127.16667,-y+127.16667,-x+127.16667","-x+380/3,-y+380/3,-z+380/3","x+3/4,y+1/4,-z+127.16667","x+1/4,-y+127.16667,z+3/4","-x+127.16667,y+3/4,z+1/4","-z+380/3,-x+380/3,-y+380/3","-z+127.16667,x+3/4,y+1/4","z+3/4,x+1/4,-y+127.16667","z+1/4,-x+127.16667,y+3/4","-y+380/3,-z+380/3,-x+380/3","y+1/4,-z+127.16667,x+3/4","-y+127.16667,z+3/4,x+1/4","y+3/4,z+1/4,-x+127.16667","-y+126.91667,-x+127.41667,z","y+1/2,x+1/2,z+1/2","-y+127.41667,x,-z+126.91667","y,-x+126.91667,-z+127.41667","-x+126.91667,-z+127.41667,y","x,-z+126.91667,-y+127.41667","x+1/2,z+1/2,y+1/2","-x+127.41667,z,-y+126.91667","-z+126.91667,-y+127.41667,x","-z+127.41667,y,-x+126.91667","z,-y+126.91667,-x+127.41667","z+1/2,y+1/2,x+1/2","x,y+1/2,z+1/2","-x+126.91667,-y+126.91667,z","-x+127.41667,y,-z+127.41667","x+1/2,-y+127.41667,-z+126.91667","z,x+1/2,y+1/2","z+1/2,-x+127.41667,-y+126.91667","-z+126.91667,-x+126.91667,y","-z+127.41667,x,-y+127.41667","y,z+1/2,x+1/2","-y+127.41667,z,-x+127.41667","y+1/2,-z+127.41667,-x+126.91667","-y+126.91667,-z+126.91667,x","y+3/4,x+3/4,-z+127.16667","-y+127.16667,-x+380/3,-z+380/3","y+1/4,-x+127.16667,z+1/4","-y+380/3,x+1/4,z+3/4","x+3/4,z+3/4,-y+127.16667","-x+380/3,z+1/4,y+3/4","-x+127.16667,-z+380/3,-y+380/3","x+1/4,-z+127.16667,y+1/4","z+3/4,y+3/4,-x+127.16667","z+1/4,-y+127.16667,x+1/4","-z+380/3,y+1/4,x+3/4","-z+127.16667,-y+380/3,-x+380/3","-x+380/3,-y+127.16667,-z+127.16667","x+3/4,y+3/4,-z+380/3","x+1/4,-y+380/3,z+1/4","-x+127.16667,y+1/4,z+3/4","-z+380/3,-x+127.16667,-y+127.16667","-z+127.16667,x+1/4,y+3/4","z+3/4,x+3/4,-y+380/3","z+1/4,-x+380/3,y+1/4","-y+380/3,-z+127.16667,-x+127.16667","y+1/4,-z+380/3,x+1/4","-y+127.16667,z+1/4,x+3/4","y+3/4,z+3/4,-x+380/3","-y+126.91667,-x+126.91667,z+1/2","y+1/2,x,z","-y+127.41667,x+1/2,-z+127.41667","y,-x+127.41667,-z+126.91667","-x+126.91667,-z+126.91667,y+1/2","x,-z+127.41667,-y+126.91667","x+1/2,z,y","-x+127.41667,z+1/2,-y+127.41667","-z+126.91667,-y+126.91667,x+1/2","-z+127.41667,y+1/2,-x+127.41667","z,-y+127.41667,-x+126.91667","z+1/2,y,x","x+1/2,y,z+1/2","-x+127.41667,-y+127.41667,z","-x+126.91667,y+1/2,-z+127.41667","x,-y+126.91667,-z+126.91667","z+1/2,x,y+1/2","z,-x+126.91667,-y+126.91667","-z+127.41667,-x+127.41667,y","-z+126.91667,x+1/2,-y+127.41667","y+1/2,z,x+1/2","-y+126.91667,z+1/2,-x+127.41667","y,-z+126.91667,-x+126.91667","-y+127.41667,-z+127.41667,x","y+1/4,x+1/4,-z+127.16667","-y+380/3,-x+127.16667,-z+380/3","y+3/4,-x+380/3,z+1/4","-y+127.16667,x+3/4,z+3/4","x+1/4,z+1/4,-y+127.16667","-x+127.16667,z+3/4,y+3/4","-x+380/3,-z+127.16667,-y+380/3","x+3/4,-z+380/3,y+1/4","z+1/4,y+1/4,-x+127.16667","z+3/4,-y+380/3,x+1/4","-z+127.16667,y+3/4,x+3/4","-z+380/3,-y+127.16667,-x+380/3","-x+127.16667,-y+380/3,-z+127.16667","x+1/4,y+1/4,-z+380/3","x+3/4,-y+127.16667,z+1/4","-x+380/3,y+3/4,z+3/4","-z+127.16667,-x+380/3,-y+127.16667","-z+380/3,x+3/4,y+3/4","z+1/4,x+1/4,-y+380/3","z+3/4,-x+127.16667,y+1/4","-y+127.16667,-z+380/3,-x+127.16667","y+3/4,-z+127.16667,x+1/4","-y+380/3,z+3/4,x+3/4","y+1/4,z+1/4,-x+380/3","-y+127.41667,-x+127.41667,z+1/2","y,x+1/2,z","-y+126.91667,x,-z+127.41667","y+1/2,-x+126.91667,-z+126.91667","-x+127.41667,-z+127.41667,y+1/2","x+1/2,-z+126.91667,-y+126.91667","x,z+1/2,y","-x+126.91667,z,-y+127.41667","-z+127.41667,-y+127.41667,x+1/2","-z+126.91667,y,-x+127.41667","z+1/2,-y+126.91667,-x+126.91667","z,y+1/2,x","x+1/2,y+1/2,z","-x+127.41667,-y+126.91667,z+1/2","-x+126.91667,y,-z+126.91667","x,-y+127.41667,-z+127.41667","z+1/2,x+1/2,y","z,-x+127.41667,-y+127.41667","-z+127.41667,-x+126.91667,y+1/2","-z+126.91667,x,-y+126.91667","y+1/2,z+1/2,x","-y+126.91667,z,-x+126.91667","y,-z+127.41667,-x+127.41667","-y+127.41667,-z+126.91667,x+1/2","y+1/4,x+3/4,-z+380/3","-y+380/3,-x+380/3,-z+127.16667","y+3/4,-x+127.16667,z+3/4","-y+127.16667,x+1/4,z+1/4","x+1/4,z+3/4,-y+380/3","-x+127.16667,z+1/4,y+1/4","-x+380/3,-z+380/3,-y+127.16667","x+3/4,-z+127.16667,y+3/4","z+1/4,y+3/4,-x+380/3","z+3/4,-y+127.16667,x+3/4","-z+127.16667,y+1/4,x+1/4","-z+380/3,-y+380/3,-x+127.16667","-x+127.16667,-y+127.16667,-z+380/3","x+1/4,y+3/4,-z+127.16667","x+3/4,-y+380/3,z+3/4","-x+380/3,y+1/4,z+1/4","-z+127.16667,-x+127.16667,-y+380/3","-z+380/3,x+1/4,y+1/4","z+1/4,x+3/4,-y+127.16667","z+3/4,-x+380/3,y+3/4","-y+127.16667,-z+127.16667,-x+380/3","y+3/4,-z+380/3,x+3/4","-y+380/3,z+1/4,x+1/4","y+1/4,z+3/4,-x+127.16667","-y+127.41667,-x+126.91667,z","y,x,z+1/2","-y+126.91667,x+1/2,-z+126.91667","y+1/2,-x+127.41667,-z+127.41667","-x+127.41667,-z+126.91667,y","x+1/2,-z+127.41667,-y+127.41667","x,z,y+1/2","-x+126.91667,z+1/2,-y+126.91667","-z+127.41667,-y+126.91667,x","-z+126.91667,y+1/2,-x+126.91667","z+1/2,-y+127.41667,-x+127.41667","z,y,x+1/2" ],"id": "Fd-3c:1","itaFull": "ita?.","set": 2,"sg": 228,"tm": "a-3/8,b-3/8,c-3/8","u": "F d -3 c :1","wpos": { "cent": [ "0,1/2,1/2","1/2,0,1/2","1/2,1/2,0" ],"pos": [ { "desc": "1","geom": "general","label": "h","mult": 192 },{ "coord": [ "5/8,y+3/8,-y+3/8","3/8,-y+1/8,-y+7/8","7/8,y+7/8,y+5/8","1/8,-y+5/8,y+1/8","-y+3/8,5/8,y+3/8","-y+7/8,3/8,-y+1/8","y+5/8,7/8,y+7/8","y+1/8,1/8,-y+5/8","y+3/8,-y+3/8,5/8","-y+1/8,-y+7/8,3/8","y+7/8,y+5/8,7/8","-y+5/8,y+1/8,1/8","1/8,-y+3/8,y+3/8","3/8,y+5/8,y+7/8","7/8,-y+7/8,-y+1/8","5/8,y+1/8,-y+5/8","y+3/8,1/8,-y+3/8","y+7/8,3/8,y+5/8","-y+1/8,7/8,-y+7/8","-y+5/8,5/8,y+1/8","-y+3/8,y+3/8,1/8","y+5/8,y+7/8,3/8","-y+7/8,-y+1/8,7/8","y+1/8,-y+5/8,5/8" ],"desc": "..2","geom": "line","label": "g","mult": 96 },{ "coord": [ "x+3/8,1/2,1/2","-x+5/8,0,0","1/2,x+3/8,1/2","0,-x+5/8,0","1/2,1/2,x+3/8","0,0,-x+5/8","1/4,x+5/8,1/4","3/4,-x+7/8,3/4","x+1/8,3/4,1/4","-x+3/8,1/4,3/4","1/4,3/4,-x+3/8","3/4,1/4,x+1/8","-x+3/8,1/4,1/4","x+1/8,3/4,3/4","1/4,-x+3/8,1/4","3/4,x+1/8,3/4","1/4,1/4,-x+3/8","3/4,3/4,x+1/8","1/2,-x+1/8,1/2","0,x+7/8,0","-x+5/8,0,1/2","x+3/8,1/2,0","1/2,0,x+3/8","0,1/2,-x+5/8" ],"desc": "2..","geom": "line","label": "f","mult": 96 },{ "coord": [ "x+3/8,x+3/8,x+3/8","-x+5/8,-x+1/8,x+7/8","-x+1/8,x+7/8,-x+5/8","x+7/8,-x+5/8,-x+1/8","x+1/8,x+5/8,-x+3/8","-x+7/8,-x+7/8,-x+7/8","x+5/8,-x+3/8,x+1/8","-x+3/8,x+1/8,x+5/8","-x+3/8,-x+3/8,-x+3/8","x+1/8,x+5/8,-x+7/8","x+5/8,-x+7/8,x+1/8","-x+7/8,x+1/8,x+5/8","-x+5/8,-x+1/8,x+3/8","x+7/8,x+7/8,x+7/8","-x+1/8,x+3/8,-x+5/8","x+3/8,-x+5/8,-x+1/8" ],"desc": ".3.","geom": "line","label": "e","mult": 64 },{ "coord": [ "1/4,1/2,1/2","3/4,0,0","1/2,1/4,1/2","0,3/4,0","1/2,1/2,1/4","0,0,3/4","1/4,1/2,1/4","3/4,0,3/4","0,3/4,1/4","1/2,1/4,3/4","1/4,3/4,1/2","3/4,1/4,0" ],"desc": "-4..","geom": "point","label": "d","mult": 48 },{ "coord": [ "3/8,3/8,3/8","5/8,1/8,7/8","1/8,7/8,5/8","7/8,5/8,1/8","1/8,5/8,3/8","7/8,7/8,7/8","5/8,3/8,1/8","3/8,1/8,5/8" ],"desc": ".-3.","geom": "point","label": "c","mult": 32 },{ "coord": [ "5/8,5/8,5/8","3/8,7/8,1/8","7/8,1/8,3/8","1/8,3/8,7/8","1/8,1/8,1/8","3/8,7/8,5/8","7/8,5/8,3/8","5/8,3/8,7/8" ],"desc": ".32","geom": "point","label": "b","mult": 32 },{ "coord": [ "1/2,1/2,1/2","1/4,3/4,1/4","1/4,1/4,1/4","1/2,0,1/2" ],"desc": "23.","geom": "point","label": "a","mult": 16 } ] } } ],"n": 2,"sg": 228 }