{ "its": [ { "gen": [ "x,y,z","-x,-y,z","x,-y+1/2,z+1/2" ],"gp": [ "x,y,z","-x,-y,z","x,-y+1/2,z+1/2","-x,y+1/2,z+1/2" ],"id": "Pnc2","itaFull": "30","set": 1,"sg": 30,"tm": "a,b,c","u": "P n c 2","wpos": { "pos": [ { "desc": "1","geom": "general","label": "c","mult": 4 },{ "coord": [ "1/2,0,z","1/2,1/2,z+1/2" ],"desc": "..2","geom": "line","label": "b","mult": 2 },{ "coord": [ "0,0,z","0,1/2,z+1/2" ],"desc": "..2","geom": "line","label": "a","mult": 2 } ] } },{ "gen": [ "x,y,z","-x,-y,z","-x+1/2,y,z-1/2" ],"gp": [ "x,y,z","-x,-y,z","-x+1/2,y,z-1/2","x+1/2,-y,z-1/2" ],"id": "Pcn2","itaFull": "30:ba-c","set": 2,"sg": 30,"tm": "b,a,-c","u": "P c n 2","wpos": { "pos": [ { "desc": "1","geom": "general","label": "c","mult": 4 },{ "coord": [ "0,1/2,-z","1/2,1/2,-z+1/2" ],"desc": "..2","geom": "line","label": "b","mult": 2 },{ "coord": [ "0,0,-z","1/2,0,-z+1/2" ],"desc": "..2","geom": "line","label": "a","mult": 2 } ] } },{ "gen": [ "x,y,z","x,-y,-z","x+1/2,y,-z+1/2" ],"gp": [ "x,y,z","x,-y,-z","x+1/2,y,-z+1/2","x+1/2,-y,z+1/2" ],"id": "P2na","itaFull": "30:cab","set": 3,"sg": 30,"tm": "c,a,b","u": "P 2 n a","wpos": { "pos": [ { "desc": "1","geom": "general","label": "c","mult": 4 },{ "coord": [ "z,1/2,0","z+1/2,1/2,1/2" ],"desc": "..2","geom": "line","label": "b","mult": 2 },{ "coord": [ "z,0,0","z+1/2,0,1/2" ],"desc": "..2","geom": "line","label": "a","mult": 2 } ] } },{ "gen": [ "x,y,z","x,-y,-z","x-1/2,-y+1/2,z" ],"gp": [ "x,y,z","x,-y,-z","x-1/2,-y+1/2,z","x-1/2,y+1/2,-z" ],"id": "P2an","itaFull": "30:-cba","set": 4,"sg": 30,"tm": "-c,b,a","u": "P 2 a n","wpos": { "pos": [ { "desc": "1","geom": "general","label": "c","mult": 4 },{ "coord": [ "-z,0,1/2","-z+1/2,1/2,1/2" ],"desc": "..2","geom": "line","label": "b","mult": 2 },{ "coord": [ "-z,0,0","-z+1/2,1/2,0" ],"desc": "..2","geom": "line","label": "a","mult": 2 } ] } },{ "gen": [ "x,y,z","-x,y,-z","-x+1/2,y+1/2,z" ],"gp": [ "x,y,z","-x,y,-z","-x+1/2,y+1/2,z","x+1/2,y+1/2,-z" ],"id": "Pb2n","itaFull": "30:bca","set": 5,"sg": 30,"tm": "b,c,a","u": "P b 2 n","wpos": { "pos": [ { "desc": "1","geom": "general","label": "c","mult": 4 },{ "coord": [ "0,z,1/2","1/2,z+1/2,1/2" ],"desc": "..2","geom": "line","label": "b","mult": 2 },{ "coord": [ "0,z,0","1/2,z+1/2,0" ],"desc": "..2","geom": "line","label": "a","mult": 2 } ] } },{ "gen": [ "x,y,z","-x,y,-z","x,y-1/2,-z+1/2" ],"gp": [ "x,y,z","-x,y,-z","x,y-1/2,-z+1/2","-x,y-1/2,z+1/2" ],"id": "Pn2b","itaFull": "30:a-cb","set": 6,"sg": 30,"tm": "a,-c,b","u": "P n 2 b","wpos": { "pos": [ { "desc": "1","geom": "general","label": "c","mult": 4 },{ "coord": [ "1/2,-z,0","1/2,-z+1/2,1/2" ],"desc": "..2","geom": "line","label": "b","mult": 2 },{ "coord": [ "0,-z,0","0,-z+1/2,1/2" ],"desc": "..2","geom": "line","label": "a","mult": 2 } ] } } ],"n": 6,"sg": 30 }