{ "its": [ { "gen": [ "x,y,z","-x,y+1/2,-z+1/2","-x,-y,-z" ],"gp": [ "x,y,z","-x,y+1/2,-z+1/2","-x,-y,-z","x,-y+1/2,z+1/2" ],"id": "P121/c1","itaFull": "14:b1","set": 1,"sg": 14,"tm": "a,b,c","u": "P 1 21/c 1","wpos": { "pos": [ { "desc": "1","geom": "general","label": "e","mult": 4 },{ "coord": [ "1/2,0,1/2","1/2,1/2,0" ],"desc": "-1","geom": "point","label": "d","mult": 2 },{ "coord": [ "0,0,1/2","0,1/2,0" ],"desc": "-1","geom": "point","label": "c","mult": 2 },{ "coord": [ "1/2,0,0","1/2,1/2,1/2" ],"desc": "-1","geom": "point","label": "b","mult": 2 },{ "coord": [ "0,0,0","0,1/2,1/2" ],"desc": "-1","geom": "point","label": "a","mult": 2 } ] } },{ "gen": [ "x,y,z","-x-1/2,y+1/2,-z-1/2","-x,-y,-z" ],"gp": [ "x,y,z","-x-1/2,y+1/2,-z-1/2","-x,-y,-z","x-1/2,-y+1/2,z-1/2" ],"id": "P121/n1","itaFull": "14:b2","set": 2,"sg": 14,"tm": "-a-c,b,a","u": "P 1 21/n 1","wpos": { "pos": [ { "desc": "1","geom": "general","label": "e","mult": 4 },{ "coord": [ "1/2,0,0","0,1/2,1/2" ],"desc": "-1","geom": "point","label": "d","mult": 2 },{ "coord": [ "1/2,0,1/2","0,1/2,0" ],"desc": "-1","geom": "point","label": "c","mult": 2 },{ "coord": [ "0,0,1/2","1/2,1/2,0" ],"desc": "-1","geom": "point","label": "b","mult": 2 },{ "coord": [ "0,0,0","1/2,1/2,1/2" ],"desc": "-1","geom": "point","label": "a","mult": 2 } ] } },{ "gen": [ "x,y,z","-x+1/2,y+1/2,-z","-x,-y,-z" ],"gp": [ "x,y,z","-x+1/2,y+1/2,-z","-x,-y,-z","x+1/2,-y+1/2,z" ],"id": "P121/a1","itaFull": "14:b3","set": 3,"sg": 14,"tm": "c,b,-a-c","u": "P 1 21/a 1","wpos": { "pos": [ { "desc": "1","geom": "general","label": "e","mult": 4 },{ "coord": [ "0,0,1/2","1/2,1/2,1/2" ],"desc": "-1","geom": "point","label": "d","mult": 2 },{ "coord": [ "1/2,0,0","0,1/2,0" ],"desc": "-1","geom": "point","label": "c","mult": 2 },{ "coord": [ "1/2,0,1/2","0,1/2,1/2" ],"desc": "-1","geom": "point","label": "b","mult": 2 },{ "coord": [ "0,0,0","1/2,1/2,0" ],"desc": "-1","geom": "point","label": "a","mult": 2 } ] } },{ "gen": [ "x,y,z","-x+1/2,-y,z+1/2","-x,-y,-z" ],"gp": [ "x,y,z","-x+1/2,-y,z+1/2","-x,-y,-z","x+1/2,y,-z+1/2" ],"id": "P1121/a","itaFull": "14:c1","set": 4,"sg": 14,"tm": "c,a,b","u": "P 1 1 21/a","wpos": { "pos": [ { "desc": "1","geom": "general","label": "e","mult": 4 },{ "coord": [ "1/2,1/2,0","0,1/2,1/2" ],"desc": "-1","geom": "point","label": "d","mult": 2 },{ "coord": [ "1/2,0,0","0,0,1/2" ],"desc": "-1","geom": "point","label": "c","mult": 2 },{ "coord": [ "0,1/2,0","1/2,1/2,1/2" ],"desc": "-1","geom": "point","label": "b","mult": 2 },{ "coord": [ "0,0,0","1/2,0,1/2" ],"desc": "-1","geom": "point","label": "a","mult": 2 } ] } },{ "gen": [ "x,y,z","-x-1/2,-y-1/2,z+1/2","-x,-y,-z" ],"gp": [ "x,y,z","-x-1/2,-y-1/2,z+1/2","-x,-y,-z","x-1/2,y-1/2,-z+1/2" ],"id": "P1121/n","itaFull": "14:c2","set": 5,"sg": 14,"tm": "a,-a-c,b","u": "P 1 1 21/n","wpos": { "pos": [ { "desc": "1","geom": "general","label": "e","mult": 4 },{ "coord": [ "0,1/2,0","1/2,0,1/2" ],"desc": "-1","geom": "point","label": "d","mult": 2 },{ "coord": [ "1/2,1/2,0","0,0,1/2" ],"desc": "-1","geom": "point","label": "c","mult": 2 },{ "coord": [ "1/2,0,0","0,1/2,1/2" ],"desc": "-1","geom": "point","label": "b","mult": 2 },{ "coord": [ "0,0,0","1/2,1/2,1/2" ],"desc": "-1","geom": "point","label": "a","mult": 2 } ] } },{ "gen": [ "x,y,z","-x,-y+1/2,z+1/2","-x,-y,-z" ],"gp": [ "x,y,z","-x,-y+1/2,z+1/2","-x,-y,-z","x,y+1/2,-z+1/2" ],"id": "P1121/b","itaFull": "14:c3","set": 6,"sg": 14,"tm": "-a-c,c,b","u": "P 1 1 21/b","wpos": { "pos": [ { "desc": "1","geom": "general","label": "e","mult": 4 },{ "coord": [ "1/2,0,0","1/2,1/2,1/2" ],"desc": "-1","geom": "point","label": "d","mult": 2 },{ "coord": [ "0,1/2,0","0,0,1/2" ],"desc": "-1","geom": "point","label": "c","mult": 2 },{ "coord": [ "1/2,1/2,0","1/2,0,1/2" ],"desc": "-1","geom": "point","label": "b","mult": 2 },{ "coord": [ "0,0,0","0,1/2,1/2" ],"desc": "-1","geom": "point","label": "a","mult": 2 } ] } },{ "gen": [ "x,y,z","x+1/2,-y+1/2,-z","-x,-y,-z" ],"gp": [ "x,y,z","x+1/2,-y+1/2,-z","-x,-y,-z","-x+1/2,y+1/2,z" ],"id": "P21/b11","itaFull": "14:a1","set": 7,"sg": 14,"tm": "b,c,a","u": "P 21/b 1 1","wpos": { "pos": [ { "desc": "1","geom": "general","label": "e","mult": 4 },{ "coord": [ "0,1/2,1/2","1/2,0,1/2" ],"desc": "-1","geom": "point","label": "d","mult": 2 },{ "coord": [ "0,1/2,0","1/2,0,0" ],"desc": "-1","geom": "point","label": "c","mult": 2 },{ "coord": [ "0,0,1/2","1/2,1/2,1/2" ],"desc": "-1","geom": "point","label": "b","mult": 2 },{ "coord": [ "0,0,0","1/2,1/2,0" ],"desc": "-1","geom": "point","label": "a","mult": 2 } ] } },{ "gen": [ "x,y,z","x+1/2,-y-1/2,-z-1/2","-x,-y,-z" ],"gp": [ "x,y,z","x+1/2,-y-1/2,-z-1/2","-x,-y,-z","-x+1/2,y-1/2,z-1/2" ],"id": "P21/n11","itaFull": "14:a2","set": 8,"sg": 14,"tm": "b,a,-a-c","u": "P 21/n 1 1","wpos": { "pos": [ { "desc": "1","geom": "general","label": "e","mult": 4 },{ "coord": [ "0,0,1/2","1/2,1/2,0" ],"desc": "-1","geom": "point","label": "d","mult": 2 },{ "coord": [ "0,1/2,1/2","1/2,0,0" ],"desc": "-1","geom": "point","label": "c","mult": 2 },{ "coord": [ "0,1/2,0","1/2,0,1/2" ],"desc": "-1","geom": "point","label": "b","mult": 2 },{ "coord": [ "0,0,0","1/2,1/2,1/2" ],"desc": "-1","geom": "point","label": "a","mult": 2 } ] } },{ "gen": [ "x,y,z","x+1/2,-y,-z+1/2","-x,-y,-z" ],"gp": [ "x,y,z","x+1/2,-y,-z+1/2","-x,-y,-z","-x+1/2,y,z+1/2" ],"id": "P21/c11","itaFull": "14:a3","set": 9,"sg": 14,"tm": "b,-a-c,c","u": "P 21/c 1 1","wpos": { "pos": [ { "desc": "1","geom": "general","label": "e","mult": 4 },{ "coord": [ "0,1/2,0","1/2,1/2,1/2" ],"desc": "-1","geom": "point","label": "d","mult": 2 },{ "coord": [ "0,0,1/2","1/2,0,0" ],"desc": "-1","geom": "point","label": "c","mult": 2 },{ "coord": [ "0,1/2,1/2","1/2,1/2,0" ],"desc": "-1","geom": "point","label": "b","mult": 2 },{ "coord": [ "0,0,0","1/2,0,1/2" ],"desc": "-1","geom": "point","label": "a","mult": 2 } ] } } ],"n": 9,"sg": 14 }