{ "its": [ { "gen": [ "x,y,z","-x,y,-z+1/2","-x,-y,-z","x+1/2,y+1/2,z" ],"gp": [ "x,y,z","-x,y,-z+1/2","-x,-y,-z","x,-y,z+1/2","x+1/2,y+1/2,z","-x+1/2,y+1/2,-z+1/2","-x+1/2,-y+1/2,-z","x+1/2,-y+1/2,z+1/2" ],"id": "C12/c1","itaFull": "15:b1","set": 1,"sg": 15,"tm": "a,b,c","u": "C 1 2/c 1","wpos": { "cent": [ "1/2,1/2,0" ],"pos": [ { "desc": "1","geom": "general","label": "f","mult": 8 },{ "coord": [ "0,y,1/4","0,-y,3/4" ],"desc": "2","geom": "line","label": "e","mult": 4 },{ "coord": [ "1/4,1/4,1/2","3/4,1/4,0" ],"desc": "-1","geom": "point","label": "d","mult": 4 },{ "coord": [ "1/4,1/4,0","3/4,1/4,1/2" ],"desc": "-1","geom": "point","label": "c","mult": 4 },{ "coord": [ "0,1/2,0","0,1/2,1/2" ],"desc": "-1","geom": "point","label": "b","mult": 4 },{ "coord": [ "0,0,0","0,0,1/2" ],"desc": "-1","geom": "point","label": "a","mult": 4 } ] } },{ "gen": [ "x,y,z","-x-1/2,y,-z-1/2","-x,-y,-z","x,y+1/2,z+1/2" ],"gp": [ "x,y,z","-x-1/2,y,-z-1/2","-x,-y,-z","x-1/2,-y,z-1/2","x,y+1/2,z+1/2","-x-1/2,y+1/2,-z","-x,-y+1/2,-z+1/2","x-1/2,-y+1/2,z" ],"id": "A12/n1","itaFull": "15:b2","set": 2,"sg": 15,"tm": "-a-c,b,a","u": "A 1 2/n 1","wpos": { "cent": [ "0,1/2,1/2" ],"pos": [ { "desc": "1","geom": "general","label": "f","mult": 8 },{ "coord": [ "3/4,y,3/4","1/4,-y,1/4" ],"desc": "2","geom": "line","label": "e","mult": 4 },{ "coord": [ "1/2,1/4,3/4","0,1/4,3/4" ],"desc": "-1","geom": "point","label": "d","mult": 4 },{ "coord": [ "0,1/4,1/4","1/2,1/4,1/4" ],"desc": "-1","geom": "point","label": "c","mult": 4 },{ "coord": [ "0,1/2,0","1/2,1/2,1/2" ],"desc": "-1","geom": "point","label": "b","mult": 4 },{ "coord": [ "0,0,0","1/2,0,1/2" ],"desc": "-1","geom": "point","label": "a","mult": 4 } ] } },{ "gen": [ "x,y,z","-x+1/2,y,-z","-x,-y,-z","x-1/2,y+1/2,z-1/2" ],"gp": [ "x,y,z","-x+1/2,y,-z","-x,-y,-z","x+1/2,-y,z","x-1/2,y+1/2,z-1/2","-x,y+1/2,-z-1/2","-x-1/2,-y+1/2,-z-1/2","x,-y+1/2,z-1/2" ],"id": "I12/a1","itaFull": "15:b3","set": 3,"sg": 15,"tm": "c,b,-a-c","u": "I 1 2/a 1","wpos": { "cent": [ "1/2,1/2,1/2" ],"pos": [ { "desc": "1","geom": "general","label": "f","mult": 8 },{ "coord": [ "1/4,y,0","3/4,-y,0" ],"desc": "2","geom": "line","label": "e","mult": 4 },{ "coord": [ "1/4,1/4,3/4","1/4,1/4,1/4" ],"desc": "-1","geom": "point","label": "d","mult": 4 },{ "coord": [ "3/4,1/4,3/4","3/4,1/4,1/4" ],"desc": "-1","geom": "point","label": "c","mult": 4 },{ "coord": [ "0,1/2,0","1/2,1/2,0" ],"desc": "-1","geom": "point","label": "b","mult": 4 },{ "coord": [ "0,0,0","1/2,0,0" ],"desc": "-1","geom": "point","label": "a","mult": 4 } ] } },{ "gen": [ "x,y,z","-x+1/2,y,-z","-x,-y,-z","x,y-1/2,z+1/2" ],"gp": [ "x,y,z","-x+1/2,y,-z","-x,-y,-z","x+1/2,-y,z","x,y-1/2,z+1/2","-x+1/2,y-1/2,-z+1/2","-x,-y-1/2,-z+1/2","x+1/2,-y-1/2,z+1/2" ],"id": "A12/a1","itaFull": "15:-b1","set": 4,"sg": 15,"tm": "c,-b,a","u": "A 1 2/a 1","wpos": { "cent": [ "0,1/2,1/2" ],"pos": [ { "desc": "1","geom": "general","label": "f","mult": 8 },{ "coord": [ "1/4,-y,0","3/4,y,0" ],"desc": "2","geom": "line","label": "e","mult": 4 },{ "coord": [ "1/2,3/4,1/4","0,3/4,3/4" ],"desc": "-1","geom": "point","label": "d","mult": 4 },{ "coord": [ "0,3/4,1/4","1/2,3/4,3/4" ],"desc": "-1","geom": "point","label": "c","mult": 4 },{ "coord": [ "0,1/2,0","1/2,1/2,0" ],"desc": "-1","geom": "point","label": "b","mult": 4 },{ "coord": [ "0,0,0","1/2,0,0" ],"desc": "-1","geom": "point","label": "a","mult": 4 } ] } },{ "gen": [ "x,y,z","-x-1/2,y,-z-1/2","-x,-y,-z","x+1/2,y-1/2,z" ],"gp": [ "x,y,z","-x-1/2,y,-z-1/2","-x,-y,-z","x-1/2,-y,z-1/2","x+1/2,y-1/2,z","-x,y-1/2,-z-1/2","-x+1/2,-y-1/2,-z","x,-y-1/2,z-1/2" ],"id": "C12/n1","itaFull": "15:-b2","set": 5,"sg": 15,"tm": "a,-b,-a-c","u": "C 1 2/n 1","wpos": { "cent": [ "1/2,1/2,0" ],"pos": [ { "desc": "1","geom": "general","label": "f","mult": 8 },{ "coord": [ "3/4,-y,3/4","1/4,y,1/4" ],"desc": "2","geom": "line","label": "e","mult": 4 },{ "coord": [ "3/4,3/4,1/2","3/4,3/4,0" ],"desc": "-1","geom": "point","label": "d","mult": 4 },{ "coord": [ "1/4,3/4,0","1/4,3/4,1/2" ],"desc": "-1","geom": "point","label": "c","mult": 4 },{ "coord": [ "0,1/2,0","1/2,1/2,1/2" ],"desc": "-1","geom": "point","label": "b","mult": 4 },{ "coord": [ "0,0,0","1/2,0,1/2" ],"desc": "-1","geom": "point","label": "a","mult": 4 } ] } },{ "gen": [ "x,y,z","-x,y,-z+1/2","-x,-y,-z","x-1/2,y-1/2,z-1/2" ],"gp": [ "x,y,z","-x,y,-z+1/2","-x,-y,-z","x,-y,z+1/2","x-1/2,y-1/2,z-1/2","-x-1/2,y-1/2,-z","-x-1/2,-y-1/2,-z-1/2","x-1/2,-y-1/2,z" ],"id": "I12/c1","itaFull": "15:-b3","set": 6,"sg": 15,"tm": "-a-c,-b,c","u": "I 1 2/c 1","wpos": { "cent": [ "1/2,1/2,1/2" ],"pos": [ { "desc": "1","geom": "general","label": "f","mult": 8 },{ "coord": [ "0,-y,1/4","0,y,3/4" ],"desc": "2","geom": "line","label": "e","mult": 4 },{ "coord": [ "3/4,3/4,1/4","1/4,3/4,1/4" ],"desc": "-1","geom": "point","label": "d","mult": 4 },{ "coord": [ "3/4,3/4,3/4","1/4,3/4,3/4" ],"desc": "-1","geom": "point","label": "c","mult": 4 },{ "coord": [ "0,1/2,0","0,1/2,1/2" ],"desc": "-1","geom": "point","label": "b","mult": 4 },{ "coord": [ "0,0,0","0,0,1/2" ],"desc": "-1","geom": "point","label": "a","mult": 4 } ] } },{ "gen": [ "x,y,z","-x+1/2,-y,z","-x,-y,-z","x,y+1/2,z+1/2" ],"gp": [ "x,y,z","-x+1/2,-y,z","-x,-y,-z","x+1/2,y,-z","x,y+1/2,z+1/2","-x+1/2,-y+1/2,z+1/2","-x,-y+1/2,-z+1/2","x+1/2,y+1/2,-z+1/2" ],"id": "A112/a","itaFull": "15:c1","set": 7,"sg": 15,"tm": "c,a,b","u": "A 1 1 2/a","wpos": { "cent": [ "0,1/2,1/2" ],"pos": [ { "desc": "1","geom": "general","label": "f","mult": 8 },{ "coord": [ "1/4,0,y","3/4,0,-y" ],"desc": "2","geom": "line","label": "e","mult": 4 },{ "coord": [ "1/2,1/4,1/4","0,3/4,1/4" ],"desc": "-1","geom": "point","label": "d","mult": 4 },{ "coord": [ "0,1/4,1/4","1/2,3/4,1/4" ],"desc": "-1","geom": "point","label": "c","mult": 4 },{ "coord": [ "0,0,1/2","1/2,0,1/2" ],"desc": "-1","geom": "point","label": "b","mult": 4 },{ "coord": [ "0,0,0","1/2,0,0" ],"desc": "-1","geom": "point","label": "a","mult": 4 } ] } },{ "gen": [ "x,y,z","-x-1/2,-y-1/2,z","-x,-y,-z","x+1/2,y,z+1/2" ],"gp": [ "x,y,z","-x-1/2,-y-1/2,z","-x,-y,-z","x-1/2,y-1/2,-z","x+1/2,y,z+1/2","-x,-y-1/2,z+1/2","-x+1/2,-y,-z+1/2","x,y-1/2,-z+1/2" ],"id": "B112/n","itaFull": "15:c2","set": 8,"sg": 15,"tm": "a,-a-c,b","u": "B 1 1 2/n","wpos": { "cent": [ "1/2,0,1/2" ],"pos": [ { "desc": "1","geom": "general","label": "f","mult": 8 },{ "coord": [ "3/4,3/4,y","1/4,1/4,-y" ],"desc": "2","geom": "line","label": "e","mult": 4 },{ "coord": [ "3/4,1/2,1/4","3/4,0,1/4" ],"desc": "-1","geom": "point","label": "d","mult": 4 },{ "coord": [ "1/4,0,1/4","1/4,1/2,1/4" ],"desc": "-1","geom": "point","label": "c","mult": 4 },{ "coord": [ "0,0,1/2","1/2,1/2,1/2" ],"desc": "-1","geom": "point","label": "b","mult": 4 },{ "coord": [ "0,0,0","1/2,1/2,0" ],"desc": "-1","geom": "point","label": "a","mult": 4 } ] } },{ "gen": [ "x,y,z","-x,-y+1/2,z","-x,-y,-z","x-1/2,y-1/2,z+1/2" ],"gp": [ "x,y,z","-x,-y+1/2,z","-x,-y,-z","x,y+1/2,-z","x-1/2,y-1/2,z+1/2","-x-1/2,-y,z+1/2","-x-1/2,-y-1/2,-z+1/2","x-1/2,y,-z+1/2" ],"id": "I112/b","itaFull": "15:c3","set": 9,"sg": 15,"tm": "-a-c,c,b","u": "I 1 1 2/b","wpos": { "cent": [ "1/2,1/2,1/2" ],"pos": [ { "desc": "1","geom": "general","label": "f","mult": 8 },{ "coord": [ "0,1/4,y","0,3/4,-y" ],"desc": "2","geom": "line","label": "e","mult": 4 },{ "coord": [ "3/4,1/4,1/4","1/4,1/4,1/4" ],"desc": "-1","geom": "point","label": "d","mult": 4 },{ "coord": [ "3/4,3/4,1/4","1/4,3/4,1/4" ],"desc": "-1","geom": "point","label": "c","mult": 4 },{ "coord": [ "0,0,1/2","0,1/2,1/2" ],"desc": "-1","geom": "point","label": "b","mult": 4 },{ "coord": [ "0,0,0","0,1/2,0" ],"desc": "-1","geom": "point","label": "a","mult": 4 } ] } },{ "gen": [ "x,y,z","-x,-y+1/2,z","-x,-y,-z","x+1/2,y,z-1/2" ],"gp": [ "x,y,z","-x,-y+1/2,z","-x,-y,-z","x,y+1/2,-z","x+1/2,y,z-1/2","-x+1/2,-y+1/2,z-1/2","-x+1/2,-y,-z-1/2","x+1/2,y+1/2,-z-1/2" ],"id": "B112/b","itaFull": "15:-c1","set": 10,"sg": 15,"tm": "a,c,-b","u": "B 1 1 2/b","wpos": { "cent": [ "1/2,0,1/2" ],"pos": [ { "desc": "1","geom": "general","label": "f","mult": 8 },{ "coord": [ "0,1/4,-y","0,3/4,y" ],"desc": "2","geom": "line","label": "e","mult": 4 },{ "coord": [ "1/4,1/2,3/4","3/4,0,3/4" ],"desc": "-1","geom": "point","label": "d","mult": 4 },{ "coord": [ "1/4,0,3/4","3/4,1/2,3/4" ],"desc": "-1","geom": "point","label": "c","mult": 4 },{ "coord": [ "0,0,1/2","0,1/2,1/2" ],"desc": "-1","geom": "point","label": "b","mult": 4 },{ "coord": [ "0,0,0","0,1/2,0" ],"desc": "-1","geom": "point","label": "a","mult": 4 } ] } },{ "gen": [ "x,y,z","-x-1/2,-y-1/2,z","-x,-y,-z","x,y+1/2,z-1/2" ],"gp": [ "x,y,z","-x-1/2,-y-1/2,z","-x,-y,-z","x-1/2,y-1/2,-z","x,y+1/2,z-1/2","-x-1/2,-y,z-1/2","-x,-y+1/2,-z-1/2","x-1/2,y,-z-1/2" ],"id": "A112/n","itaFull": "15:-c2","set": 11,"sg": 15,"tm": "-a-c,a,-b","u": "A 1 1 2/n","wpos": { "cent": [ "0,1/2,1/2" ],"pos": [ { "desc": "1","geom": "general","label": "f","mult": 8 },{ "coord": [ "3/4,3/4,-y","1/4,1/4,y" ],"desc": "2","geom": "line","label": "e","mult": 4 },{ "coord": [ "1/2,3/4,3/4","0,3/4,3/4" ],"desc": "-1","geom": "point","label": "d","mult": 4 },{ "coord": [ "0,1/4,3/4","1/2,1/4,3/4" ],"desc": "-1","geom": "point","label": "c","mult": 4 },{ "coord": [ "0,0,1/2","1/2,1/2,1/2" ],"desc": "-1","geom": "point","label": "b","mult": 4 },{ "coord": [ "0,0,0","1/2,1/2,0" ],"desc": "-1","geom": "point","label": "a","mult": 4 } ] } },{ "gen": [ "x,y,z","-x+1/2,-y,z","-x,-y,-z","x-1/2,y-1/2,z-1/2" ],"gp": [ "x,y,z","-x+1/2,-y,z","-x,-y,-z","x+1/2,y,-z","x-1/2,y-1/2,z-1/2","-x,-y-1/2,z-1/2","-x-1/2,-y-1/2,-z-1/2","x,y-1/2,-z-1/2" ],"id": "I112/a","itaFull": "15:-c3","set": 12,"sg": 15,"tm": "c,-a-c,-b","u": "I 1 1 2/a","wpos": { "cent": [ "1/2,1/2,1/2" ],"pos": [ { "desc": "1","geom": "general","label": "f","mult": 8 },{ "coord": [ "1/4,0,-y","3/4,0,y" ],"desc": "2","geom": "line","label": "e","mult": 4 },{ "coord": [ "1/4,3/4,3/4","1/4,1/4,3/4" ],"desc": "-1","geom": "point","label": "d","mult": 4 },{ "coord": [ "3/4,3/4,3/4","3/4,1/4,3/4" ],"desc": "-1","geom": "point","label": "c","mult": 4 },{ "coord": [ "0,0,1/2","1/2,0,1/2" ],"desc": "-1","geom": "point","label": "b","mult": 4 },{ "coord": [ "0,0,0","1/2,0,0" ],"desc": "-1","geom": "point","label": "a","mult": 4 } ] } },{ "gen": [ "x,y,z","x,-y+1/2,-z","-x,-y,-z","x+1/2,y,z+1/2" ],"gp": [ "x,y,z","x,-y+1/2,-z","-x,-y,-z","-x,y+1/2,z","x+1/2,y,z+1/2","x+1/2,-y+1/2,-z+1/2","-x+1/2,-y,-z+1/2","-x+1/2,y+1/2,z+1/2" ],"id": "B2/b11","itaFull": "15:a1","set": 13,"sg": 15,"tm": "b,c,a","u": "B 2/b 1 1","wpos": { "cent": [ "1/2,0,1/2" ],"pos": [ { "desc": "1","geom": "general","label": "f","mult": 8 },{ "coord": [ "y,1/4,0","-y,3/4,0" ],"desc": "2","geom": "line","label": "e","mult": 4 },{ "coord": [ "1/4,1/2,1/4","1/4,0,3/4" ],"desc": "-1","geom": "point","label": "d","mult": 4 },{ "coord": [ "1/4,0,1/4","1/4,1/2,3/4" ],"desc": "-1","geom": "point","label": "c","mult": 4 },{ "coord": [ "1/2,0,0","1/2,1/2,0" ],"desc": "-1","geom": "point","label": "b","mult": 4 },{ "coord": [ "0,0,0","0,1/2,0" ],"desc": "-1","geom": "point","label": "a","mult": 4 } ] } },{ "gen": [ "x,y,z","x,-y-1/2,-z-1/2","-x,-y,-z","x+1/2,y+1/2,z" ],"gp": [ "x,y,z","x,-y-1/2,-z-1/2","-x,-y,-z","-x,y-1/2,z-1/2","x+1/2,y+1/2,z","x+1/2,-y,-z-1/2","-x+1/2,-y+1/2,-z","-x+1/2,y,z-1/2" ],"id": "C2/n11","itaFull": "15:a2","set": 14,"sg": 15,"tm": "b,a,-a-c","u": "C 2/n 1 1","wpos": { "cent": [ "1/2,1/2,0" ],"pos": [ { "desc": "1","geom": "general","label": "f","mult": 8 },{ "coord": [ "y,3/4,3/4","-y,1/4,1/4" ],"desc": "2","geom": "line","label": "e","mult": 4 },{ "coord": [ "1/4,3/4,1/2","1/4,3/4,0" ],"desc": "-1","geom": "point","label": "d","mult": 4 },{ "coord": [ "1/4,1/4,0","1/4,1/4,1/2" ],"desc": "-1","geom": "point","label": "c","mult": 4 },{ "coord": [ "1/2,0,0","1/2,1/2,1/2" ],"desc": "-1","geom": "point","label": "b","mult": 4 },{ "coord": [ "0,0,0","0,1/2,1/2" ],"desc": "-1","geom": "point","label": "a","mult": 4 } ] } },{ "gen": [ "x,y,z","x,-y,-z+1/2","-x,-y,-z","x+1/2,y-1/2,z-1/2" ],"gp": [ "x,y,z","x,-y,-z+1/2","-x,-y,-z","-x,y,z+1/2","x+1/2,y-1/2,z-1/2","x+1/2,-y-1/2,-z","-x+1/2,-y-1/2,-z-1/2","-x+1/2,y-1/2,z" ],"id": "I2/c11","itaFull": "15:a3","set": 15,"sg": 15,"tm": "b,-a-c,c","u": "I 2/c 1 1","wpos": { "cent": [ "1/2,1/2,1/2" ],"pos": [ { "desc": "1","geom": "general","label": "f","mult": 8 },{ "coord": [ "y,0,1/4","-y,0,3/4" ],"desc": "2","geom": "line","label": "e","mult": 4 },{ "coord": [ "1/4,3/4,1/4","1/4,1/4,1/4" ],"desc": "-1","geom": "point","label": "d","mult": 4 },{ "coord": [ "1/4,3/4,3/4","1/4,1/4,3/4" ],"desc": "-1","geom": "point","label": "c","mult": 4 },{ "coord": [ "1/2,0,0","1/2,0,1/2" ],"desc": "-1","geom": "point","label": "b","mult": 4 },{ "coord": [ "0,0,0","0,0,1/2" ],"desc": "-1","geom": "point","label": "a","mult": 4 } ] } },{ "gen": [ "x,y,z","x,-y,-z+1/2","-x,-y,-z","x-1/2,y+1/2,z" ],"gp": [ "x,y,z","x,-y,-z+1/2","-x,-y,-z","-x,y,z+1/2","x-1/2,y+1/2,z","x-1/2,-y+1/2,-z+1/2","-x-1/2,-y+1/2,-z","-x-1/2,y+1/2,z+1/2" ],"id": "C2/c11","itaFull": "15:-a1","set": 16,"sg": 15,"tm": "-b,a,c","u": "C 2/c 1 1","wpos": { "cent": [ "1/2,1/2,0" ],"pos": [ { "desc": "1","geom": "general","label": "f","mult": 8 },{ "coord": [ "-y,0,1/4","y,0,3/4" ],"desc": "2","geom": "line","label": "e","mult": 4 },{ "coord": [ "3/4,1/4,1/2","3/4,3/4,0" ],"desc": "-1","geom": "point","label": "d","mult": 4 },{ "coord": [ "3/4,1/4,0","3/4,3/4,1/2" ],"desc": "-1","geom": "point","label": "c","mult": 4 },{ "coord": [ "1/2,0,0","1/2,0,1/2" ],"desc": "-1","geom": "point","label": "b","mult": 4 },{ "coord": [ "0,0,0","0,0,1/2" ],"desc": "-1","geom": "point","label": "a","mult": 4 } ] } },{ "gen": [ "x,y,z","x,-y-1/2,-z-1/2","-x,-y,-z","x-1/2,y,z+1/2" ],"gp": [ "x,y,z","x,-y-1/2,-z-1/2","-x,-y,-z","-x,y-1/2,z-1/2","x-1/2,y,z+1/2","x-1/2,-y-1/2,-z","-x-1/2,-y,-z+1/2","-x-1/2,y-1/2,z" ],"id": "B2/n11","itaFull": "15:-a2","set": 17,"sg": 15,"tm": "-b,-a-c,a","u": "B 2/n 1 1","wpos": { "cent": [ "1/2,0,1/2" ],"pos": [ { "desc": "1","geom": "general","label": "f","mult": 8 },{ "coord": [ "-y,3/4,3/4","y,1/4,1/4" ],"desc": "2","geom": "line","label": "e","mult": 4 },{ "coord": [ "3/4,1/2,3/4","3/4,0,3/4" ],"desc": "-1","geom": "point","label": "d","mult": 4 },{ "coord": [ "3/4,0,1/4","3/4,1/2,1/4" ],"desc": "-1","geom": "point","label": "c","mult": 4 },{ "coord": [ "1/2,0,0","1/2,1/2,1/2" ],"desc": "-1","geom": "point","label": "b","mult": 4 },{ "coord": [ "0,0,0","0,1/2,1/2" ],"desc": "-1","geom": "point","label": "a","mult": 4 } ] } },{ "gen": [ "x,y,z","x,-y+1/2,-z","-x,-y,-z","x-1/2,y-1/2,z-1/2" ],"gp": [ "x,y,z","x,-y+1/2,-z","-x,-y,-z","-x,y+1/2,z","x-1/2,y-1/2,z-1/2","x-1/2,-y,-z-1/2","-x-1/2,-y-1/2,-z-1/2","-x-1/2,y,z-1/2" ],"id": "I2/b11","itaFull": "15:-a3","set": 18,"sg": 15,"tm": "-b,c,-a-c","u": "I 2/b 1 1","wpos": { "cent": [ "1/2,1/2,1/2" ],"pos": [ { "desc": "1","geom": "general","label": "f","mult": 8 },{ "coord": [ "-y,1/4,0","y,3/4,0" ],"desc": "2","geom": "line","label": "e","mult": 4 },{ "coord": [ "3/4,1/4,3/4","3/4,1/4,1/4" ],"desc": "-1","geom": "point","label": "d","mult": 4 },{ "coord": [ "3/4,3/4,3/4","3/4,3/4,1/4" ],"desc": "-1","geom": "point","label": "c","mult": 4 },{ "coord": [ "1/2,0,0","1/2,1/2,0" ],"desc": "-1","geom": "point","label": "b","mult": 4 },{ "coord": [ "0,0,0","0,1/2,0" ],"desc": "-1","geom": "point","label": "a","mult": 4 } ] } } ],"n": 18,"sg": 15 }