{ "its": [ { "gen": [ "x,y,z","-x,-y,z","x+1/2,-y+1/2,z" ],"gp": [ "x,y,z","-x,-y,z","x+1/2,-y+1/2,z","-x+1/2,y+1/2,z" ],"id": "Pba2","itaFull": "32","set": 1,"sg": 32,"tm": "a,b,c","u": "P b a 2","wpos": { "pos": [ { "desc": "1","geom": "general","label": "c","mult": 4 },{ "coord": [ "0,1/2,z","1/2,0,z" ],"desc": "..2","geom": "line","label": "b","mult": 2 },{ "coord": [ "0,0,z","1/2,1/2,z" ],"desc": "..2","geom": "line","label": "a","mult": 2 } ] } },{ "gen": [ "x,y,z","x,-y,-z","x,y+1/2,-z+1/2" ],"gp": [ "x,y,z","x,-y,-z","x,y+1/2,-z+1/2","x,-y+1/2,z+1/2" ],"id": "P2cb","itaFull": "32:cab","set": 2,"sg": 32,"tm": "c,a,b","u": "P 2 c b","wpos": { "pos": [ { "desc": "1","geom": "general","label": "c","mult": 4 },{ "coord": [ "z,0,1/2","z,1/2,0" ],"desc": "..2","geom": "line","label": "b","mult": 2 },{ "coord": [ "z,0,0","z,1/2,1/2" ],"desc": "..2","geom": "line","label": "a","mult": 2 } ] } },{ "gen": [ "x,y,z","-x,y,-z","-x+1/2,y,z+1/2" ],"gp": [ "x,y,z","-x,y,-z","-x+1/2,y,z+1/2","x+1/2,y,-z+1/2" ],"id": "Pc2a","itaFull": "32:bca","set": 3,"sg": 32,"tm": "b,c,a","u": "P c 2 a","wpos": { "pos": [ { "desc": "1","geom": "general","label": "c","mult": 4 },{ "coord": [ "1/2,z,0","0,z,1/2" ],"desc": "..2","geom": "line","label": "b","mult": 2 },{ "coord": [ "0,z,0","1/2,z,1/2" ],"desc": "..2","geom": "line","label": "a","mult": 2 } ] } } ],"n": 3,"sg": 32 }