{ "its": [ { "gen": [ "x,y,z","-x,-y,z+1/2","x+1/2,-y+1/2,z" ],"gp": [ "x,y,z","-x,-y,z+1/2","x+1/2,-y+1/2,z","-x+1/2,y+1/2,z+1/2" ],"id": "Pna21","itaFull": "33","set": 1,"sg": 33,"tm": "a,b,c","u": "P n a 21","wpos": { "pos": [ { "desc": "1","geom": "general","label": "a","mult": 4 } ] } },{ "gen": [ "x,y,z","-x,-y,z-1/2","-x+1/2,y+1/2,z" ],"gp": [ "x,y,z","-x,-y,z-1/2","-x+1/2,y+1/2,z","x+1/2,-y+1/2,z-1/2" ],"id": "Pbn21","itaFull": "33:ba-c","set": 2,"sg": 33,"tm": "b,a,-c","u": "P b n 21","wpos": { "pos": [ { "desc": "1","geom": "general","label": "a","mult": 4 } ] } },{ "gen": [ "x,y,z","x+1/2,-y,-z","x,y+1/2,-z+1/2" ],"gp": [ "x,y,z","x+1/2,-y,-z","x,y+1/2,-z+1/2","x+1/2,-y+1/2,z+1/2" ],"id": "P21nb","itaFull": "33:cab","set": 3,"sg": 33,"tm": "c,a,b","u": "P 21 n b","wpos": { "pos": [ { "desc": "1","geom": "general","label": "a","mult": 4 } ] } },{ "gen": [ "x,y,z","x-1/2,-y,-z","x,-y+1/2,z+1/2" ],"gp": [ "x,y,z","x-1/2,-y,-z","x,-y+1/2,z+1/2","x-1/2,y+1/2,-z+1/2" ],"id": "P21cn","itaFull": "33:-cba","set": 4,"sg": 33,"tm": "-c,b,a","u": "P 21 c n","wpos": { "pos": [ { "desc": "1","geom": "general","label": "a","mult": 4 } ] } },{ "gen": [ "x,y,z","-x,y+1/2,-z","-x+1/2,y,z+1/2" ],"gp": [ "x,y,z","-x,y+1/2,-z","-x+1/2,y,z+1/2","x+1/2,y+1/2,-z+1/2" ],"id": "Pc21n","itaFull": "33:bca","set": 5,"sg": 33,"tm": "b,c,a","u": "P c 21 n","wpos": { "pos": [ { "desc": "1","geom": "general","label": "a","mult": 4 } ] } },{ "gen": [ "x,y,z","-x,y-1/2,-z","x+1/2,y,-z+1/2" ],"gp": [ "x,y,z","-x,y-1/2,-z","x+1/2,y,-z+1/2","-x+1/2,y-1/2,z+1/2" ],"id": "Pn21a","itaFull": "33:a-cb","set": 6,"sg": 33,"tm": "a,-c,b","u": "P n 21 a","wpos": { "pos": [ { "desc": "1","geom": "general","label": "a","mult": 4 } ] } } ],"n": 6,"sg": 33 }