{ "its": [ { "gen": [ "x,y,z","-x,y,-z" ],"gp": [ "x,y,z","-x,y,-z" ],"id": "P121","itaFull": "3:b","set": 1,"sg": 3,"tm": "a,b,c","u": "P 1 2 1","wpos": { "pos": [ { "desc": "1","geom": "general","label": "e","mult": 2 },{ "coord": [ "1/2,y,1/2" ],"desc": "2","geom": "line","label": "d","mult": 1 },{ "coord": [ "1/2,y,0" ],"desc": "2","geom": "line","label": "c","mult": 1 },{ "coord": [ "0,y,1/2" ],"desc": "2","geom": "line","label": "b","mult": 1 },{ "coord": [ "0,y,0" ],"desc": "2","geom": "line","label": "a","mult": 1 } ] } },{ "gen": [ "x,y,z","-x,-y,z" ],"gp": [ "x,y,z","-x,-y,z" ],"id": "P112","itaFull": "3:c","set": 2,"sg": 3,"tm": "c,a,b","u": "P 1 1 2","wpos": { "pos": [ { "desc": "1","geom": "general","label": "e","mult": 2 },{ "coord": [ "1/2,1/2,y" ],"desc": "2","geom": "line","label": "d","mult": 1 },{ "coord": [ "0,1/2,y" ],"desc": "2","geom": "line","label": "c","mult": 1 },{ "coord": [ "1/2,0,y" ],"desc": "2","geom": "line","label": "b","mult": 1 },{ "coord": [ "0,0,y" ],"desc": "2","geom": "line","label": "a","mult": 1 } ] } },{ "gen": [ "x,y,z","x,-y,-z" ],"gp": [ "x,y,z","x,-y,-z" ],"id": "P211","itaFull": "3:a","set": 3,"sg": 3,"tm": "b,c,a","u": "P 2 1 1","wpos": { "pos": [ { "desc": "1","geom": "general","label": "e","mult": 2 },{ "coord": [ "y,1/2,1/2" ],"desc": "2","geom": "line","label": "d","mult": 1 },{ "coord": [ "y,0,1/2" ],"desc": "2","geom": "line","label": "c","mult": 1 },{ "coord": [ "y,1/2,0" ],"desc": "2","geom": "line","label": "b","mult": 1 },{ "coord": [ "y,0,0" ],"desc": "2","geom": "line","label": "a","mult": 1 } ] } } ],"n": 3,"sg": 3 }