{ "its": [ { "gen": [ "x,y,z","-y,x-y,z","-y,-x,z+1/2" ],"gp": [ "x,y,z","-y,x-y,z","-x+y,-x,z","-y,-x,z+1/2","-x+y,y,z+1/2","x,x-y,z+1/2" ],"id": "P3c1","itaFull": "158","set": 1,"sg": 158,"tm": "a,b,c","u": "P 3 c 1","wpos": { "pos": [ { "desc": "1","geom": "general","label": "d","mult": 6 },{ "coord": [ "2/3,1/3,z","2/3,1/3,z+1/2" ],"desc": "3..","geom": "line","label": "c","mult": 2 },{ "coord": [ "1/3,2/3,z","1/3,2/3,z+1/2" ],"desc": "3..","geom": "line","label": "b","mult": 2 },{ "coord": [ "0,0,z","0,0,z+1/2" ],"desc": "3..","geom": "line","label": "a","mult": 2 } ] } } ],"n": 1,"sg": 158 }