{ "its": [ { "gen": [ "x,y,z","-y,x-y,z","y,x,-z","-x,-y,-z" ],"gp": [ "x,y,z","-y,x-y,z","-x+y,-x,z","y,x,-z","x-y,-y,-z","-x,-x+y,-z","-x,-y,-z","y,-x+y,-z","x-y,x,-z","-y,-x,z","-x+y,y,z","x,x-y,z" ],"id": "P-3m1","itaFull": "164","set": 1,"sg": 164,"tm": "a,b,c","u": "P -3 m 1","wpos": { "pos": [ { "desc": "1","geom": "general","label": "j","mult": 12 },{ "coord": [ "x,-x,z","x,2x,z","-2x,-x,z","-x,x,-z","2x,x,-z","-x,-2x,-z" ],"desc": ".m.","geom": "plane","label": "i","mult": 6 },{ "coord": [ "x,0,1/2","0,x,1/2","-x,-x,1/2","-x,0,1/2","0,-x,1/2","x,x,1/2" ],"desc": ".2.","geom": "line","label": "h","mult": 6 },{ "coord": [ "x,0,0","0,x,0","-x,-x,0","-x,0,0","0,-x,0","x,x,0" ],"desc": ".2.","geom": "line","label": "g","mult": 6 },{ "coord": [ "1/2,0,1/2","0,1/2,1/2","1/2,1/2,1/2" ],"desc": ".2/m.","geom": "point","label": "f","mult": 3 },{ "coord": [ "1/2,0,0","0,1/2,0","1/2,1/2,0" ],"desc": ".2/m.","geom": "point","label": "e","mult": 3 },{ "coord": [ "1/3,2/3,z","2/3,1/3,-z" ],"desc": "3m.","geom": "line","label": "d","mult": 2 },{ "coord": [ "0,0,z","0,0,-z" ],"desc": "3m.","geom": "line","label": "c","mult": 2 },{ "coord": [ "0,0,1/2" ],"desc": "-3m.","geom": "point","label": "b","mult": 1 },{ "coord": [ "0,0,0" ],"desc": "-3m.","geom": "point","label": "a","mult": 1 } ] } } ],"n": 1,"sg": 164 }