{ "its": [ { "gen": [ "x,y,z","-x,-y,z+1/2","-x,y,-z+1/2","x+1/2,y+1/2,z" ],"gp": [ "x,y,z","-x,-y,z+1/2","-x,y,-z+1/2","x,-y,-z","x+1/2,y+1/2,z","-x+1/2,-y+1/2,z+1/2","-x+1/2,y+1/2,-z+1/2","x+1/2,-y+1/2,-z" ],"id": "C2221","itaFull": "20","set": 1,"sg": 20,"tm": "a,b,c","u": "C 2 2 21","wpos": { "cent": [ "1/2,1/2,0" ],"pos": [ { "desc": "1","geom": "general","label": "c","mult": 8 },{ "coord": [ "0,y,1/4","0,-y,3/4" ],"desc": ".2.","geom": "line","label": "b","mult": 4 },{ "coord": [ "x,0,0","-x,0,1/2" ],"desc": "2..","geom": "line","label": "a","mult": 4 } ] } },{ "gen": [ "x,y,z","x+1/2,-y,-z","-x+1/2,-y,z","x,y+1/2,z+1/2" ],"gp": [ "x,y,z","x+1/2,-y,-z","-x+1/2,-y,z","-x,y,-z","x,y+1/2,z+1/2","x+1/2,-y+1/2,-z+1/2","-x+1/2,-y+1/2,z+1/2","-x,y+1/2,-z+1/2" ],"id": "A2122","itaFull": "20:cab","set": 2,"sg": 20,"tm": "c,a,b","u": "A 21 2 2","wpos": { "cent": [ "0,1/2,1/2" ],"pos": [ { "desc": "1","geom": "general","label": "c","mult": 8 },{ "coord": [ "1/4,0,y","3/4,0,-y" ],"desc": ".2.","geom": "line","label": "b","mult": 4 },{ "coord": [ "0,x,0","1/2,-x,0" ],"desc": "2..","geom": "line","label": "a","mult": 4 } ] } },{ "gen": [ "x,y,z","-x,y+1/2,-z","x,-y+1/2,-z","x+1/2,y,z+1/2" ],"gp": [ "x,y,z","-x,y+1/2,-z","x,-y+1/2,-z","-x,-y,z","x+1/2,y,z+1/2","-x+1/2,y+1/2,-z+1/2","x+1/2,-y+1/2,-z+1/2","-x+1/2,-y,z+1/2" ],"id": "B2212","itaFull": "20:bca","set": 3,"sg": 20,"tm": "b,c,a","u": "B 2 21 2","wpos": { "cent": [ "1/2,0,1/2" ],"pos": [ { "desc": "1","geom": "general","label": "c","mult": 8 },{ "coord": [ "y,1/4,0","-y,3/4,0" ],"desc": ".2.","geom": "line","label": "b","mult": 4 },{ "coord": [ "0,0,x","0,1/2,-x" ],"desc": "2..","geom": "line","label": "a","mult": 4 } ] } } ],"n": 3,"sg": 20 }