{ "its": [ { "gen": [ "x,y,z","-x,y,-z+1/2","-x,-y,-z" ],"gp": [ "x,y,z","-x,y,-z+1/2","-x,-y,-z","x,-y,z+1/2" ],"id": "P12/c1","itaFull": "13:b1","set": 1,"sg": 13,"tm": "a,b,c","u": "P 1 2/c 1","wpos": { "pos": [ { "desc": "1","geom": "general","label": "g","mult": 4 },{ "coord": [ "1/2,y,1/4","1/2,-y,3/4" ],"desc": "2","geom": "line","label": "f","mult": 2 },{ "coord": [ "0,y,1/4","0,-y,3/4" ],"desc": "2","geom": "line","label": "e","mult": 2 },{ "coord": [ "1/2,0,0","1/2,0,1/2" ],"desc": "-1","geom": "point","label": "d","mult": 2 },{ "coord": [ "0,1/2,0","0,1/2,1/2" ],"desc": "-1","geom": "point","label": "c","mult": 2 },{ "coord": [ "1/2,1/2,0","1/2,1/2,1/2" ],"desc": "-1","geom": "point","label": "b","mult": 2 },{ "coord": [ "0,0,0","0,0,1/2" ],"desc": "-1","geom": "point","label": "a","mult": 2 } ] } },{ "gen": [ "x,y,z","-x-1/2,y,-z-1/2","-x,-y,-z" ],"gp": [ "x,y,z","-x-1/2,y,-z-1/2","-x,-y,-z","x-1/2,-y,z-1/2" ],"id": "P12/n1","itaFull": "13:b2","set": 2,"sg": 13,"tm": "-a-c,b,a","u": "P 1 2/n 1","wpos": { "pos": [ { "desc": "1","geom": "general","label": "g","mult": 4 },{ "coord": [ "3/4,y,1/4","1/4,-y,3/4" ],"desc": "2","geom": "line","label": "f","mult": 2 },{ "coord": [ "3/4,y,3/4","1/4,-y,1/4" ],"desc": "2","geom": "line","label": "e","mult": 2 },{ "coord": [ "0,0,1/2","1/2,0,0" ],"desc": "-1","geom": "point","label": "d","mult": 2 },{ "coord": [ "0,1/2,0","1/2,1/2,1/2" ],"desc": "-1","geom": "point","label": "c","mult": 2 },{ "coord": [ "0,1/2,1/2","1/2,1/2,0" ],"desc": "-1","geom": "point","label": "b","mult": 2 },{ "coord": [ "0,0,0","1/2,0,1/2" ],"desc": "-1","geom": "point","label": "a","mult": 2 } ] } },{ "gen": [ "x,y,z","-x+1/2,y,-z","-x,-y,-z" ],"gp": [ "x,y,z","-x+1/2,y,-z","-x,-y,-z","x+1/2,-y,z" ],"id": "P12/a1","itaFull": "13:b3","set": 3,"sg": 13,"tm": "c,b,-a-c","u": "P 1 2/a 1","wpos": { "pos": [ { "desc": "1","geom": "general","label": "g","mult": 4 },{ "coord": [ "3/4,y,1/2","1/4,-y,1/2" ],"desc": "2","geom": "line","label": "f","mult": 2 },{ "coord": [ "1/4,y,0","3/4,-y,0" ],"desc": "2","geom": "line","label": "e","mult": 2 },{ "coord": [ "1/2,0,1/2","0,0,1/2" ],"desc": "-1","geom": "point","label": "d","mult": 2 },{ "coord": [ "0,1/2,0","1/2,1/2,0" ],"desc": "-1","geom": "point","label": "c","mult": 2 },{ "coord": [ "1/2,1/2,1/2","0,1/2,1/2" ],"desc": "-1","geom": "point","label": "b","mult": 2 },{ "coord": [ "0,0,0","1/2,0,0" ],"desc": "-1","geom": "point","label": "a","mult": 2 } ] } },{ "gen": [ "x,y,z","-x+1/2,-y,z","-x,-y,-z" ],"gp": [ "x,y,z","-x+1/2,-y,z","-x,-y,-z","x+1/2,y,-z" ],"id": "P112/a","itaFull": "13:c1","set": 4,"sg": 13,"tm": "c,a,b","u": "P 1 1 2/a","wpos": { "pos": [ { "desc": "1","geom": "general","label": "g","mult": 4 },{ "coord": [ "1/4,1/2,y","3/4,1/2,-y" ],"desc": "2","geom": "line","label": "f","mult": 2 },{ "coord": [ "1/4,0,y","3/4,0,-y" ],"desc": "2","geom": "line","label": "e","mult": 2 },{ "coord": [ "0,1/2,0","1/2,1/2,0" ],"desc": "-1","geom": "point","label": "d","mult": 2 },{ "coord": [ "0,0,1/2","1/2,0,1/2" ],"desc": "-1","geom": "point","label": "c","mult": 2 },{ "coord": [ "0,1/2,1/2","1/2,1/2,1/2" ],"desc": "-1","geom": "point","label": "b","mult": 2 },{ "coord": [ "0,0,0","1/2,0,0" ],"desc": "-1","geom": "point","label": "a","mult": 2 } ] } },{ "gen": [ "x,y,z","-x-1/2,-y-1/2,z","-x,-y,-z" ],"gp": [ "x,y,z","-x-1/2,-y-1/2,z","-x,-y,-z","x-1/2,y-1/2,-z" ],"id": "P112/n","itaFull": "13:c2","set": 5,"sg": 13,"tm": "a,-a-c,b","u": "P 1 1 2/n","wpos": { "pos": [ { "desc": "1","geom": "general","label": "g","mult": 4 },{ "coord": [ "1/4,3/4,y","3/4,1/4,-y" ],"desc": "2","geom": "line","label": "f","mult": 2 },{ "coord": [ "3/4,3/4,y","1/4,1/4,-y" ],"desc": "2","geom": "line","label": "e","mult": 2 },{ "coord": [ "1/2,0,0","0,1/2,0" ],"desc": "-1","geom": "point","label": "d","mult": 2 },{ "coord": [ "0,0,1/2","1/2,1/2,1/2" ],"desc": "-1","geom": "point","label": "c","mult": 2 },{ "coord": [ "1/2,0,1/2","0,1/2,1/2" ],"desc": "-1","geom": "point","label": "b","mult": 2 },{ "coord": [ "0,0,0","1/2,1/2,0" ],"desc": "-1","geom": "point","label": "a","mult": 2 } ] } },{ "gen": [ "x,y,z","-x,-y+1/2,z","-x,-y,-z" ],"gp": [ "x,y,z","-x,-y+1/2,z","-x,-y,-z","x,y+1/2,-z" ],"id": "P112/b","itaFull": "13:c3","set": 6,"sg": 13,"tm": "-a-c,c,b","u": "P 1 1 2/b","wpos": { "pos": [ { "desc": "1","geom": "general","label": "g","mult": 4 },{ "coord": [ "1/2,3/4,y","1/2,1/4,-y" ],"desc": "2","geom": "line","label": "f","mult": 2 },{ "coord": [ "0,1/4,y","0,3/4,-y" ],"desc": "2","geom": "line","label": "e","mult": 2 },{ "coord": [ "1/2,1/2,0","1/2,0,0" ],"desc": "-1","geom": "point","label": "d","mult": 2 },{ "coord": [ "0,0,1/2","0,1/2,1/2" ],"desc": "-1","geom": "point","label": "c","mult": 2 },{ "coord": [ "1/2,1/2,1/2","1/2,0,1/2" ],"desc": "-1","geom": "point","label": "b","mult": 2 },{ "coord": [ "0,0,0","0,1/2,0" ],"desc": "-1","geom": "point","label": "a","mult": 2 } ] } },{ "gen": [ "x,y,z","x,-y+1/2,-z","-x,-y,-z" ],"gp": [ "x,y,z","x,-y+1/2,-z","-x,-y,-z","-x,y+1/2,z" ],"id": "P2/b11","itaFull": "13:a1","set": 7,"sg": 13,"tm": "b,c,a","u": "P 2/b 1 1","wpos": { "pos": [ { "desc": "1","geom": "general","label": "g","mult": 4 },{ "coord": [ "y,1/4,1/2","-y,3/4,1/2" ],"desc": "2","geom": "line","label": "f","mult": 2 },{ "coord": [ "y,1/4,0","-y,3/4,0" ],"desc": "2","geom": "line","label": "e","mult": 2 },{ "coord": [ "0,0,1/2","0,1/2,1/2" ],"desc": "-1","geom": "point","label": "d","mult": 2 },{ "coord": [ "1/2,0,0","1/2,1/2,0" ],"desc": "-1","geom": "point","label": "c","mult": 2 },{ "coord": [ "1/2,0,1/2","1/2,1/2,1/2" ],"desc": "-1","geom": "point","label": "b","mult": 2 },{ "coord": [ "0,0,0","0,1/2,0" ],"desc": "-1","geom": "point","label": "a","mult": 2 } ] } },{ "gen": [ "x,y,z","x,-y-1/2,-z-1/2","-x,-y,-z" ],"gp": [ "x,y,z","x,-y-1/2,-z-1/2","-x,-y,-z","-x,y-1/2,z-1/2" ],"id": "P2/n11","itaFull": "13:a2","set": 8,"sg": 13,"tm": "b,a,-a-c","u": "P 2/n 1 1","wpos": { "pos": [ { "desc": "1","geom": "general","label": "g","mult": 4 },{ "coord": [ "y,1/4,3/4","-y,3/4,1/4" ],"desc": "2","geom": "line","label": "f","mult": 2 },{ "coord": [ "y,3/4,3/4","-y,1/4,1/4" ],"desc": "2","geom": "line","label": "e","mult": 2 },{ "coord": [ "0,1/2,0","0,0,1/2" ],"desc": "-1","geom": "point","label": "d","mult": 2 },{ "coord": [ "1/2,0,0","1/2,1/2,1/2" ],"desc": "-1","geom": "point","label": "c","mult": 2 },{ "coord": [ "1/2,1/2,0","1/2,0,1/2" ],"desc": "-1","geom": "point","label": "b","mult": 2 },{ "coord": [ "0,0,0","0,1/2,1/2" ],"desc": "-1","geom": "point","label": "a","mult": 2 } ] } },{ "gen": [ "x,y,z","x,-y,-z+1/2","-x,-y,-z" ],"gp": [ "x,y,z","x,-y,-z+1/2","-x,-y,-z","-x,y,z+1/2" ],"id": "P2/c11","itaFull": "13:a3","set": 9,"sg": 13,"tm": "b,-a-c,c","u": "P 2/c 1 1","wpos": { "pos": [ { "desc": "1","geom": "general","label": "g","mult": 4 },{ "coord": [ "y,1/2,3/4","-y,1/2,1/4" ],"desc": "2","geom": "line","label": "f","mult": 2 },{ "coord": [ "y,0,1/4","-y,0,3/4" ],"desc": "2","geom": "line","label": "e","mult": 2 },{ "coord": [ "0,1/2,1/2","0,1/2,0" ],"desc": "-1","geom": "point","label": "d","mult": 2 },{ "coord": [ "1/2,0,0","1/2,0,1/2" ],"desc": "-1","geom": "point","label": "c","mult": 2 },{ "coord": [ "1/2,1/2,1/2","1/2,1/2,0" ],"desc": "-1","geom": "point","label": "b","mult": 2 },{ "coord": [ "0,0,0","0,0,1/2" ],"desc": "-1","geom": "point","label": "a","mult": 2 } ] } } ],"n": 9,"sg": 13 }