{ "its": [ { "gen": [ "x,y,z","-x+1/2,-y,z+1/2","x+1/2,-y,z+1/2" ],"gp": [ "x,y,z","-x+1/2,-y,z+1/2","x+1/2,-y,z+1/2","-x,y,z" ],"id": "Pmn21","itaFull": "31","set": 1,"sg": 31,"tm": "a,b,c","u": "P m n 21","wpos": { "pos": [ { "desc": "1","geom": "general","label": "b","mult": 4 },{ "coord": [ "0,y,z","1/2,-y,z+1/2" ],"desc": "m..","geom": "plane","label": "a","mult": 2 } ] } },{ "gen": [ "x,y,z","-x,-y+1/2,z-1/2","-x,y+1/2,z-1/2" ],"gp": [ "x,y,z","-x,-y+1/2,z-1/2","-x,y+1/2,z-1/2","x,-y,z" ],"id": "Pnm21","itaFull": "31:ba-c","set": 2,"sg": 31,"tm": "b,a,-c","u": "P n m 21","wpos": { "pos": [ { "desc": "1","geom": "general","label": "b","mult": 4 },{ "coord": [ "y,0,-z","-y,1/2,-z+1/2" ],"desc": "m..","geom": "plane","label": "a","mult": 2 } ] } },{ "gen": [ "x,y,z","x+1/2,-y+1/2,-z","x+1/2,y+1/2,-z" ],"gp": [ "x,y,z","x+1/2,-y+1/2,-z","x+1/2,y+1/2,-z","x,-y,z" ],"id": "P21mn","itaFull": "31:cab","set": 3,"sg": 31,"tm": "c,a,b","u": "P 21 m n","wpos": { "pos": [ { "desc": "1","geom": "general","label": "b","mult": 4 },{ "coord": [ "z,0,y","z+1/2,1/2,-y" ],"desc": "m..","geom": "plane","label": "a","mult": 2 } ] } },{ "gen": [ "x,y,z","x-1/2,-y,-z+1/2","x-1/2,-y,z+1/2" ],"gp": [ "x,y,z","x-1/2,-y,-z+1/2","x-1/2,-y,z+1/2","x,y,-z" ],"id": "P21nm","itaFull": "31:-cba","set": 4,"sg": 31,"tm": "-c,b,a","u": "P 21 n m","wpos": { "pos": [ { "desc": "1","geom": "general","label": "b","mult": 4 },{ "coord": [ "-z,y,0","-z+1/2,-y,1/2" ],"desc": "m..","geom": "plane","label": "a","mult": 2 } ] } },{ "gen": [ "x,y,z","-x,y+1/2,-z+1/2","-x,y+1/2,z+1/2" ],"gp": [ "x,y,z","-x,y+1/2,-z+1/2","-x,y+1/2,z+1/2","x,y,-z" ],"id": "Pn21m","itaFull": "31:bca","set": 5,"sg": 31,"tm": "b,c,a","u": "P n 21 m","wpos": { "pos": [ { "desc": "1","geom": "general","label": "b","mult": 4 },{ "coord": [ "y,z,0","-y,z+1/2,1/2" ],"desc": "m..","geom": "plane","label": "a","mult": 2 } ] } },{ "gen": [ "x,y,z","-x+1/2,y-1/2,-z","x+1/2,y-1/2,-z" ],"gp": [ "x,y,z","-x+1/2,y-1/2,-z","x+1/2,y-1/2,-z","-x,y,z" ],"id": "Pm21n","itaFull": "31:a-cb","set": 6,"sg": 31,"tm": "a,-c,b","u": "P m 21 n","wpos": { "pos": [ { "desc": "1","geom": "general","label": "b","mult": 4 },{ "coord": [ "0,-z,y","1/2,-z+1/2,-y" ],"desc": "m..","geom": "plane","label": "a","mult": 2 } ] } } ],"n": 6,"sg": 31 }