{ "its": [ { "gen": [ "x,y,z","-x,-y,z","y,-x,-z","-x,y,-z+1/2" ],"gp": [ "x,y,z","-x,-y,z","y,-x,-z","-y,x,-z","-x,y,-z+1/2","x,-y,-z+1/2","-y,-x,z+1/2","y,x,z+1/2" ],"id": "P-42c","itaFull": "112","set": 1,"sg": 112,"tm": "a,b,c","u": "P -4 2 c","wpos": { "pos": [ { "desc": "1","geom": "general","label": "n","mult": 8 },{ "coord": [ "0,1/2,z","1/2,0,-z","0,1/2,-z+1/2","1/2,0,z+1/2" ],"desc": "2..","geom": "line","label": "m","mult": 4 },{ "coord": [ "1/2,1/2,z","1/2,1/2,-z","1/2,1/2,-z+1/2","1/2,1/2,z+1/2" ],"desc": "2..","geom": "line","label": "l","mult": 4 },{ "coord": [ "0,0,z","0,0,-z","0,0,-z+1/2","0,0,z+1/2" ],"desc": "2..","geom": "line","label": "k","mult": 4 },{ "coord": [ "0,y,1/4","0,-y,1/4","y,0,3/4","-y,0,3/4" ],"desc": ".2.","geom": "line","label": "j","mult": 4 },{ "coord": [ "x,1/2,1/4","-x,1/2,1/4","1/2,-x,3/4","1/2,x,3/4" ],"desc": ".2.","geom": "line","label": "i","mult": 4 },{ "coord": [ "1/2,y,1/4","1/2,-y,1/4","y,1/2,3/4","-y,1/2,3/4" ],"desc": ".2.","geom": "line","label": "h","mult": 4 },{ "coord": [ "x,0,1/4","-x,0,1/4","0,-x,3/4","0,x,3/4" ],"desc": ".2.","geom": "line","label": "g","mult": 4 },{ "coord": [ "1/2,1/2,0","1/2,1/2,1/2" ],"desc": "-4..","geom": "point","label": "f","mult": 2 },{ "coord": [ "0,0,0","0,0,1/2" ],"desc": "-4..","geom": "point","label": "e","mult": 2 },{ "coord": [ "0,1/2,1/4","1/2,0,3/4" ],"desc": "222 .","geom": "point","label": "d","mult": 2 },{ "coord": [ "1/2,1/2,1/4","1/2,1/2,3/4" ],"desc": "222 .","geom": "point","label": "c","mult": 2 },{ "coord": [ "1/2,0,1/4","0,1/2,3/4" ],"desc": "222 .","geom": "point","label": "b","mult": 2 },{ "coord": [ "0,0,1/4","0,0,3/4" ],"desc": "222 .","geom": "point","label": "a","mult": 2 } ] } },{ "gen": [ "x,y,z","-x,-y,z","y,-x,-z","-y,-x,-z+1/2","x+1/2,y+1/2,z","-x+1/2,-y+1/2,z","y+1/2,-x+1/2,-z","-y+1/2,-x+1/2,-z+1/2" ],"gp": [ "x,y,z","-x,-y,z","y,-x,-z","-y,x,-z","-y,-x,-z+1/2","y,x,-z+1/2","x,-y,z+1/2","-x,y,z+1/2","x+1/2,y+1/2,z","-x+1/2,-y+1/2,z","y+1/2,-x+1/2,-z","-y+1/2,x+1/2,-z","-y+1/2,-x+1/2,-z+1/2","y+1/2,x+1/2,-z+1/2","x+1/2,-y+1/2,z+1/2","-x+1/2,y+1/2,z+1/2" ],"id": "C-4c2","itaFull": "ita?.","set": 2,"sg": 112,"tm": "a-b,a+b,c","u": "C -4 c 2","wpos": { "pos": [ { "desc": "1","geom": "general","label": "n","mult": 8 },{ "coord": [ "3/4,1/4,z","1/4,1/4,-z","3/4,1/4,-z+1/2","1/4,1/4,z+1/2" ],"desc": "2..","geom": "line","label": "m","mult": 4 },{ "coord": [ "0,1/2,z","0,1/2,-z","0,1/2,-z+1/2","0,1/2,z+1/2" ],"desc": "2..","geom": "line","label": "l","mult": 4 },{ "coord": [ "0,0,z","0,0,-z","0,0,-z+1/2","0,0,z+1/2" ],"desc": "2..","geom": "line","label": "k","mult": 4 },{ "coord": [ "-1/2y,1/2y,1/4","1/2y,-1/2y,1/4","1/2y,1/2y,3/4","-1/2y,-1/2y,3/4" ],"desc": ".2.","geom": "line","label": "j","mult": 4 },{ "coord": [ "1/2x+3/4,1/2x+1/4,1/4","-1/2x+3/4,-1/2x+1/4,1/4","1/2x+1/4,-1/2x+1/4,3/4","-1/2x+1/4,1/2x+1/4,3/4" ],"desc": ".2.","geom": "line","label": "i","mult": 4 },{ "coord": [ "-1/2y+1/4,1/2y+1/4,1/4","1/2y+1/4,-1/2y+1/4,1/4","1/2y+3/4,1/2y+1/4,3/4","-1/2y+3/4,-1/2y+1/4,3/4" ],"desc": ".2.","geom": "line","label": "h","mult": 4 },{ "coord": [ "1/2x,1/2x,1/4","-1/2x,-1/2x,1/4","1/2x,-1/2x,3/4","-1/2x,1/2x,3/4" ],"desc": ".2.","geom": "line","label": "g","mult": 4 },{ "coord": [ "0,1/2,0","0,1/2,1/2" ],"desc": "-4..","geom": "point","label": "f","mult": 2 },{ "coord": [ "0,0,0","0,0,1/2" ],"desc": "-4..","geom": "point","label": "e","mult": 2 },{ "coord": [ "3/4,1/4,1/4","1/4,1/4,3/4" ],"desc": "222 .","geom": "point","label": "d","mult": 2 },{ "coord": [ "0,1/2,1/4","0,1/2,3/4" ],"desc": "222 .","geom": "point","label": "c","mult": 2 },{ "coord": [ "1/4,1/4,1/4","3/4,1/4,3/4" ],"desc": "222 .","geom": "point","label": "b","mult": 2 },{ "coord": [ "0,0,1/4","0,0,3/4" ],"desc": "222 .","geom": "point","label": "a","mult": 2 } ] } } ],"n": 2,"sg": 112 }