{ "its": [ { "gen": [ "x,y,z","-y,x-y,z","-y,-x,-z" ],"gp": [ "x,y,z","-y,x-y,z","-x+y,-x,z","-y,-x,-z","-x+y,y,-z","x,x-y,-z" ],"id": "P312","itaFull": "149","set": 1,"sg": 149,"tm": "a,b,c","u": "P 3 1 2","wpos": { "pos": [ { "desc": "1","geom": "general","label": "l","mult": 6 },{ "coord": [ "x,-x,1/2","x,2x,1/2","-2x,-x,1/2" ],"desc": "..2","geom": "line","label": "k","mult": 3 },{ "coord": [ "x,-x,0","x,2x,0","-2x,-x,0" ],"desc": "..2","geom": "line","label": "j","mult": 3 },{ "coord": [ "2/3,1/3,z","2/3,1/3,-z" ],"desc": "3..","geom": "line","label": "i","mult": 2 },{ "coord": [ "1/3,2/3,z","1/3,2/3,-z" ],"desc": "3..","geom": "line","label": "h","mult": 2 },{ "coord": [ "0,0,z","0,0,-z" ],"desc": "3..","geom": "line","label": "g","mult": 2 },{ "coord": [ "2/3,1/3,1/2" ],"desc": "3.2","geom": "point","label": "f","mult": 1 },{ "coord": [ "2/3,1/3,0" ],"desc": "3.2","geom": "point","label": "e","mult": 1 },{ "coord": [ "1/3,2/3,1/2" ],"desc": "3.2","geom": "point","label": "d","mult": 1 },{ "coord": [ "1/3,2/3,0" ],"desc": "3.2","geom": "point","label": "c","mult": 1 },{ "coord": [ "0,0,1/2" ],"desc": "3.2","geom": "point","label": "b","mult": 1 },{ "coord": [ "0,0,0" ],"desc": "3.2","geom": "point","label": "a","mult": 1 } ] } } ],"n": 1,"sg": 149 }