{ "its": [ { "gen": [ "x,y,z","-y,x-y,z","-x,-y,z+1/2","y,x,-z" ],"gp": [ "x,y,z","-y,x-y,z","-x+y,-x,z","-x,-y,z+1/2","y,-x+y,z+1/2","x-y,x,z+1/2","y,x,-z","x-y,-y,-z","-x,-x+y,-z","-y,-x,-z+1/2","-x+y,y,-z+1/2","x,x-y,-z+1/2" ],"id": "P6322","itaFull": "182","set": 1,"sg": 182,"tm": "a,b,c","u": "P 63 2 2","wpos": { "pos": [ { "desc": "1","geom": "general","label": "i","mult": 12 },{ "coord": [ "x,2x,1/4","-2x,-x,1/4","x,-x,1/4","-x,-2x,3/4","2x,x,3/4","-x,x,3/4" ],"desc": "..2","geom": "line","label": "h","mult": 6 },{ "coord": [ "x,0,0","0,x,0","-x,-x,0","-x,0,1/2","0,-x,1/2","x,x,1/2" ],"desc": ".2.","geom": "line","label": "g","mult": 6 },{ "coord": [ "1/3,2/3,z","2/3,1/3,z+1/2","2/3,1/3,-z","1/3,2/3,-z+1/2" ],"desc": "3..","geom": "line","label": "f","mult": 4 },{ "coord": [ "0,0,z","0,0,z+1/2","0,0,-z","0,0,-z+1/2" ],"desc": "3..","geom": "line","label": "e","mult": 4 },{ "coord": [ "1/3,2/3,3/4","2/3,1/3,1/4" ],"desc": "3.2","geom": "point","label": "d","mult": 2 },{ "coord": [ "1/3,2/3,1/4","2/3,1/3,3/4" ],"desc": "3.2","geom": "point","label": "c","mult": 2 },{ "coord": [ "0,0,1/4","0,0,3/4" ],"desc": "3.2","geom": "point","label": "b","mult": 2 },{ "coord": [ "0,0,0","0,0,1/2" ],"desc": "32.","geom": "point","label": "a","mult": 2 } ] } } ],"n": 1,"sg": 182 }