{ "its": [ { "gen": [ "x,y,z","-x,-y,z","-y,x,z","x,-y,z","x+1/2,y+1/2,z+1/2" ],"gp": [ "x,y,z","-x,-y,z","-y,x,z","y,-x,z","x,-y,z","-x,y,z","-y,-x,z","y,x,z","x+1/2,y+1/2,z+1/2","-x+1/2,-y+1/2,z+1/2","-y+1/2,x+1/2,z+1/2","y+1/2,-x+1/2,z+1/2","x+1/2,-y+1/2,z+1/2","-x+1/2,y+1/2,z+1/2","-y+1/2,-x+1/2,z+1/2","y+1/2,x+1/2,z+1/2" ],"id": "I4mm","itaFull": "107","set": 1,"sg": 107,"tm": "a,b,c","u": "I 4 m m","wpos": { "cent": [ "1/2,1/2,1/2" ],"pos": [ { "desc": "1","geom": "general","label": "e","mult": 16 },{ "coord": [ "x,0,z","-x,0,z","0,x,z","0,-x,z" ],"desc": ".m.","geom": "plane","label": "d","mult": 8 },{ "coord": [ "x,x,z","-x,-x,z","-x,x,z","x,-x,z" ],"desc": "..m","geom": "plane","label": "c","mult": 8 },{ "coord": [ "0,1/2,z","1/2,0,z" ],"desc": "2mm .","geom": "line","label": "b","mult": 4 },{ "coord": [ "0,0,z" ],"desc": "4mm","geom": "line","label": "a","mult": 2 } ] } },{ "gen": [ "x,y,z","-x,-y,z","-y,x,z","y,x,z","x,y+1/2,z+1/2","x+1/2,y+1/2,z","-x+1/2,-y+1/2,z","-y+1/2,x+1/2,z","y+1/2,x+1/2,z","x+1/2,y+1,z+1/2" ],"gp": [ "x,y,z","-x,-y,z","-y,x,z","y,-x,z","y,x,z","-y,-x,z","x,-y,z","-x,y,z","x,y+1/2,z+1/2","-x,-y+1/2,z+1/2","-y,x+1/2,z+1/2","y,-x+1/2,z+1/2","y,x+1/2,z+1/2","-y,-x+1/2,z+1/2","x,-y+1/2,z+1/2","-x,y+1/2,z+1/2","x+1/2,y+1/2,z","-x+1/2,-y+1/2,z","-y+1/2,x+1/2,z","y+1/2,-x+1/2,z","y+1/2,x+1/2,z","-y+1/2,-x+1/2,z","x+1/2,-y+1/2,z","-x+1/2,y+1/2,z" ],"id": "F4mm","itaFull": "ita?.","set": 2,"sg": 107,"tm": "a-b,a+b,c","u": "F 4 m m","wpos": { "cent": [ "0,1/2,1/2" ],"pos": [ { "desc": "1","geom": "general","label": "e","mult": 16 },{ "coord": [ "1/2x,1/2x,z","-1/2x,-1/2x,z","-1/2x,1/2x,z","1/2x,-1/2x,z" ],"desc": ".m.","geom": "plane","label": "d","mult": 8 },{ "coord": [ "0,x,z","0,-x,z","-x,0,z","x,0,z" ],"desc": "..m","geom": "plane","label": "c","mult": 8 },{ "coord": [ "3/4,1/4,z","1/4,1/4,z" ],"desc": "2mm .","geom": "line","label": "b","mult": 4 },{ "coord": [ "0,0,z" ],"desc": "4mm","geom": "line","label": "a","mult": 2 } ] } } ],"n": 2,"sg": 107 }