{ "its": [ { "gen": [ "x,y,z","-x,-y,z","-y,x,z","x,-y,z+1/2","x+1/2,y+1/2,z+1/2" ],"gp": [ "x,y,z","-x,-y,z","-y,x,z","y,-x,z","x,-y,z+1/2","-x,y,z+1/2","-y,-x,z+1/2","y,x,z+1/2","x+1/2,y+1/2,z+1/2","-x+1/2,-y+1/2,z+1/2","-y+1/2,x+1/2,z+1/2","y+1/2,-x+1/2,z+1/2","x+1/2,-y+1/2,z","-x+1/2,y+1/2,z","-y+1/2,-x+1/2,z","y+1/2,x+1/2,z" ],"id": "I4cm","itaFull": "108","set": 1,"sg": 108,"tm": "a,b,c","u": "I 4 c m","wpos": { "cent": [ "1/2,1/2,1/2" ],"pos": [ { "desc": "1","geom": "general","label": "d","mult": 16 },{ "coord": [ "x,x+1/2,z","-x,-x+1/2,z","-x+1/2,x,z","x+1/2,-x,z" ],"desc": "..m","geom": "plane","label": "c","mult": 8 },{ "coord": [ "1/2,0,z","0,1/2,z" ],"desc": "2.m m","geom": "line","label": "b","mult": 4 },{ "coord": [ "0,0,z","0,0,z+1/2" ],"desc": "4..","geom": "line","label": "a","mult": 4 } ] } },{ "gen": [ "x,y,z","-x,-y,z","-y,x,z","y,x,z+1/2","x,y+1/2,z+1/2","x+1/2,y+1/2,z","-x+1/2,-y+1/2,z","-y+1/2,x+1/2,z","y+1/2,x+1/2,z+1/2","x+1/2,y+1,z+1/2" ],"gp": [ "x,y,z","-x,-y,z","-y,x,z","y,-x,z","y,x,z+1/2","-y,-x,z+1/2","x,-y,z+1/2","-x,y,z+1/2","x,y+1/2,z+1/2","-x,-y+1/2,z+1/2","-y,x+1/2,z+1/2","y,-x+1/2,z+1/2","y,x+1/2,z","-y,-x+1/2,z","x,-y+1/2,z","-x,y+1/2,z","x+1/2,y+1/2,z","-x+1/2,-y+1/2,z","-y+1/2,x+1/2,z","y+1/2,-x+1/2,z","y+1/2,x+1/2,z+1/2","-y+1/2,-x+1/2,z+1/2","x+1/2,-y+1/2,z+1/2","-x+1/2,y+1/2,z+1/2" ],"id": "F4mc","itaFull": "ita?.","set": 2,"sg": 108,"tm": "a-b,a+b,c","u": "F 4 m c","wpos": { "cent": [ "0,1/2,1/2" ],"pos": [ { "desc": "1","geom": "general","label": "d","mult": 16 },{ "coord": [ "3/4,x+1/4,z","3/4,-x+1/4,z","-x+1/4,1/4,z","x+1/4,1/4,z" ],"desc": "..m","geom": "plane","label": "c","mult": 8 },{ "coord": [ "1/4,1/4,z","3/4,1/4,z" ],"desc": "2.m m","geom": "line","label": "b","mult": 4 },{ "coord": [ "0,0,z","0,0,z+1/2" ],"desc": "4..","geom": "line","label": "a","mult": 4 } ] } } ],"n": 2,"sg": 108 }